Actual,Predicted,Model
42.0,41.02964068919483,StackingRegressor
34.0,39.53658240735971,StackingRegressor
38.0,40.08723168576009,StackingRegressor
45.0,47.34347331913665,StackingRegressor
44.0,41.35624163440873,StackingRegressor
36.0,38.1099290589229,StackingRegressor
49.0,53.75493514760394,StackingRegressor
54.0,42.888841457552694,StackingRegressor
38.0,38.96181879417066,StackingRegressor
53.0,48.13311687014924,StackingRegressor
43.0,42.814344576721425,StackingRegressor
39.0,42.4919638627188,StackingRegressor
56.0,52.241844699558655,StackingRegressor
51.0,42.99527554974942,StackingRegressor
44.0,44.976130182389355,StackingRegressor
42.0,46.37588175845789,StackingRegressor
35.0,37.784002520286414,StackingRegressor
45.0,43.086151103801384,StackingRegressor
43.0,41.06077253330148,StackingRegressor
43.0,45.413022438630286,StackingRegressor
44.0,42.043851098140294,StackingRegressor
39.0,38.979213886621324,StackingRegressor
35.0,39.08670856017384,StackingRegressor
42.0,34.98206330484078,StackingRegressor
39.0,41.97016526944553,StackingRegressor
41.0,39.87726601180923,StackingRegressor
59.0,44.444549024944365,StackingRegressor
35.0,38.974817414340606,StackingRegressor
39.0,37.93222175468589,StackingRegressor
46.0,38.414519584806335,StackingRegressor
43.0,39.28440532192675,StackingRegressor
40.0,43.77581634738792,StackingRegressor
38.0,39.30134651024914,StackingRegressor
41.0,41.8646910946616,StackingRegressor
45.0,41.40005347273003,StackingRegressor
38.0,39.91718106627297,StackingRegressor
44.0,42.95813177879295,StackingRegressor
47.0,40.51393187768414,StackingRegressor
38.0,42.542841906871956,StackingRegressor
37.0,38.70158454841418,StackingRegressor
39.0,43.63843627841739,StackingRegressor
49.0,48.04777732606433,StackingRegressor
39.0,42.534483285900635,StackingRegressor
36.0,39.70395326446449,StackingRegressor
39.0,39.50272611583638,StackingRegressor
45.0,41.52549640200685,StackingRegressor
40.0,38.356965334928226,StackingRegressor
42.0,41.23658338878204,StackingRegressor
38.0,43.90901741686122,StackingRegressor
40.0,41.2899520659542,StackingRegressor
40.0,42.14050824540344,StackingRegressor
44.0,40.95599315571191,StackingRegressor
44.0,43.927546517057564,StackingRegressor
45.0,43.77435212931348,StackingRegressor
42.0,42.31540682795821,StackingRegressor
38.0,38.377515875662645,StackingRegressor
40.0,42.8544154871129,StackingRegressor
37.0,39.21453235865241,StackingRegressor
40.0,43.155468172258225,StackingRegressor
52.0,38.773564908622156,StackingRegressor
37.0,37.31570851789026,StackingRegressor
45.0,46.0980988597335,StackingRegressor
45.0,44.884906447999825,StackingRegressor
36.0,41.83457050377724,StackingRegressor
39.0,39.481320524690034,StackingRegressor
48.0,45.0127316664227,StackingRegressor
44.0,42.31175961822509,StackingRegressor
43.0,43.84768261026085,StackingRegressor
39.0,40.49980803637334,StackingRegressor
42.0,42.62270756427894,StackingRegressor
45.0,43.03609012577695,StackingRegressor
43.0,42.22158987713527,StackingRegressor
47.0,46.49457109858197,StackingRegressor
36.0,38.609232500306874,StackingRegressor
49.0,37.103961807873894,StackingRegressor
45.0,45.67024459734819,StackingRegressor
37.0,37.330357034439565,StackingRegressor
41.0,46.75428328582375,StackingRegressor
51.0,46.0918494394061,StackingRegressor
44.0,44.48121991413473,StackingRegressor
41.0,42.47323135160241,StackingRegressor
37.0,37.35011144652434,StackingRegressor
42.0,38.376922732171266,StackingRegressor
41.0,44.389600239229736,StackingRegressor
46.0,42.555720932436984,StackingRegressor
49.0,45.02313221390362,StackingRegressor
43.0,41.10544629456975,StackingRegressor
51.0,43.37495658775801,StackingRegressor
48.0,38.73337586984773,StackingRegressor
50.0,43.061705692109854,StackingRegressor
35.0,39.22045672253607,StackingRegressor
33.0,37.55811706094664,StackingRegressor
40.0,45.699928790824536,StackingRegressor
38.0,39.679531963116474,StackingRegressor
42.0,43.34044876056654,StackingRegressor
47.0,47.88047049369846,StackingRegressor
46.0,44.43587635568957,StackingRegressor
43.0,42.86080679978589,StackingRegressor
41.0,38.976355479444976,StackingRegressor
44.0,43.42603668657586,StackingRegressor
39.0,40.80213174354102,StackingRegressor
39.0,39.875748838174744,StackingRegressor
43.0,41.925341150917845,StackingRegressor
47.0,43.20300933396916,StackingRegressor
35.0,36.91449822260228,StackingRegressor
39.0,41.97353886217394,StackingRegressor
50.0,43.85671045822853,StackingRegressor
37.0,38.07592984265122,StackingRegressor
45.0,40.69240500763792,StackingRegressor
37.0,41.675052081252296,StackingRegressor
39.0,42.50033345932296,StackingRegressor
39.0,38.39732745543931,StackingRegressor
46.0,38.89710962999266,StackingRegressor
41.0,39.95186305037703,StackingRegressor
37.0,37.90157205373476,StackingRegressor
39.0,39.42031595885144,StackingRegressor
47.0,45.164269370520245,StackingRegressor
40.0,42.615574905722376,StackingRegressor
38.0,40.612162049265095,StackingRegressor
38.0,39.712469270465775,StackingRegressor
44.0,44.447036766657504,StackingRegressor
41.0,38.67830082344957,StackingRegressor
39.0,41.64033367023274,StackingRegressor
37.0,41.6695353643085,StackingRegressor
58.0,50.99245938468078,StackingRegressor
40.0,43.98772239144311,StackingRegressor
48.0,40.00311616182559,StackingRegressor
43.0,43.28713615762648,StackingRegressor
39.0,37.39081398581593,StackingRegressor
37.0,37.329021755303295,StackingRegressor
52.0,40.737205098412915,StackingRegressor
35.0,40.498249956158936,StackingRegressor
38.0,38.464997921419794,StackingRegressor
49.0,52.047635446798246,StackingRegressor
47.0,39.67756073950445,StackingRegressor
40.0,40.99047701336448,StackingRegressor
40.0,42.11233056009664,StackingRegressor
50.0,50.181184893548,StackingRegressor
39.0,46.567058771108854,StackingRegressor
44.0,40.90560026613546,StackingRegressor
42.0,45.53581279826298,StackingRegressor
57.0,47.555026591742255,StackingRegressor
42.0,42.703347981858414,StackingRegressor
44.0,41.516241316751746,StackingRegressor
47.0,50.303386593788424,StackingRegressor
38.0,37.76595680595895,StackingRegressor
57.0,52.142321485061046,StackingRegressor
46.0,41.3468095355983,StackingRegressor
40.0,40.7646066037248,StackingRegressor
34.0,37.281442405212694,StackingRegressor
41.0,41.83852750573536,StackingRegressor
37.0,40.4589647765832,StackingRegressor
37.0,38.68367598921938,StackingRegressor
36.0,39.841938080665685,StackingRegressor
42.0,46.191938818672746,StackingRegressor
39.0,43.446147481301026,StackingRegressor
43.0,44.598162405210516,StackingRegressor
39.0,39.88694351267982,StackingRegressor
37.0,40.93841113737814,StackingRegressor
36.0,38.25590649559376,StackingRegressor
37.0,39.375584380502445,StackingRegressor
41.0,36.59540948537752,StackingRegressor
36.0,38.830156082349944,StackingRegressor
42.0,38.057612795069154,StackingRegressor
37.0,40.983251751990316,StackingRegressor
34.0,37.29854881363206,StackingRegressor
43.0,44.465785641528626,StackingRegressor
43.0,44.81804371388823,StackingRegressor
46.0,46.13718645641042,StackingRegressor
39.0,41.56016121609612,StackingRegressor
45.0,48.84335602658682,StackingRegressor
37.0,39.40773446159081,StackingRegressor
38.0,40.12211211052162,StackingRegressor
38.0,39.772403305015175,StackingRegressor
43.0,42.629823995261056,StackingRegressor
42.0,42.53838950987912,StackingRegressor
49.0,42.278869289028115,StackingRegressor
41.0,43.474485092395554,StackingRegressor
46.0,39.40992310922972,StackingRegressor
44.0,40.536037118863995,StackingRegressor
36.0,39.470133624751085,StackingRegressor
37.0,40.504792872579415,StackingRegressor
44.0,43.6870181061733,StackingRegressor
38.0,39.81612887800864,StackingRegressor
38.0,42.06915352323752,StackingRegressor
33.0,36.10691160970488,StackingRegressor
40.0,43.65404860264033,StackingRegressor
41.0,41.21976961173645,StackingRegressor
36.0,38.02880790384211,StackingRegressor
45.0,42.3398151915426,StackingRegressor
39.0,40.25321584839111,StackingRegressor
44.0,40.10438449947951,StackingRegressor
37.0,38.63133480143848,StackingRegressor
39.0,40.86422845916714,StackingRegressor
44.0,44.74288596288542,StackingRegressor
40.0,42.17201347670924,StackingRegressor
43.0,42.59724986821746,StackingRegressor
42.0,41.166902755562646,StackingRegressor
41.0,40.8452990225975,StackingRegressor
46.0,42.173822513782106,StackingRegressor
41.0,38.60809156062303,StackingRegressor
47.0,47.58206133283746,StackingRegressor
39.0,40.18744282269847,StackingRegressor
39.0,42.42429000778241,StackingRegressor
39.0,43.6886025450462,StackingRegressor
49.0,44.26203503132493,StackingRegressor
40.0,42.893139209020276,StackingRegressor
55.0,50.413065492970404,StackingRegressor
42.0,44.19088025370552,StackingRegressor
29.0,32.12031994633256,StackingRegressor
38.0,37.779901634974024,StackingRegressor
42.0,40.2611900328364,StackingRegressor
48.0,41.83069472822352,StackingRegressor
38.0,40.152277850104205,StackingRegressor
44.0,40.72544008073241,StackingRegressor
37.0,39.00048187178692,StackingRegressor
43.0,44.38787146583324,StackingRegressor
50.0,43.79752566001358,StackingRegressor
41.0,45.964636581768794,StackingRegressor
47.0,49.5383950513054,StackingRegressor
41.0,46.211579767455,StackingRegressor
39.0,45.53507171823807,StackingRegressor
37.0,38.265086842847694,StackingRegressor
42.0,46.34707259466139,StackingRegressor
38.0,40.14824688434247,StackingRegressor
49.0,43.98479295432143,StackingRegressor
40.0,38.7672505553443,StackingRegressor
40.0,39.7196120599292,StackingRegressor
39.0,38.02175978033466,StackingRegressor
37.0,40.651327985624015,StackingRegressor
39.0,38.16230648963864,StackingRegressor
34.0,38.579241020595006,StackingRegressor
47.0,47.67617428141313,StackingRegressor
41.0,40.083164794149276,StackingRegressor
50.0,46.25263263156471,StackingRegressor
37.0,38.52833931608921,StackingRegressor
35.0,37.54248708338961,StackingRegressor
47.0,43.28157485758167,StackingRegressor
44.0,40.537688307269576,StackingRegressor
40.0,42.00642866539325,StackingRegressor
40.0,41.57673585473614,StackingRegressor
40.0,43.167306507231565,StackingRegressor
50.0,46.361376022627674,StackingRegressor
39.0,40.96289486934065,StackingRegressor
37.0,42.140924304818846,StackingRegressor
40.0,42.47444764345303,StackingRegressor
36.0,39.243132534494656,StackingRegressor
38.0,39.76476814205839,StackingRegressor
45.0,39.91633808826808,StackingRegressor
35.0,38.47192857316517,StackingRegressor
42.0,42.1223676552537,StackingRegressor
34.0,36.62654201006839,StackingRegressor
44.0,46.4078617844409,StackingRegressor
39.0,41.05221201630003,StackingRegressor
50.0,49.341635084109214,StackingRegressor
39.0,42.019744565214175,StackingRegressor
52.0,42.51247090358355,StackingRegressor
44.0,43.555571331648025,StackingRegressor
55.0,50.25561302048568,StackingRegressor
51.0,43.974567808903686,StackingRegressor
38.0,40.211379746953895,StackingRegressor
54.0,41.35871268132449,StackingRegressor
35.0,39.29551641339721,StackingRegressor
40.0,40.6736258521486,StackingRegressor
40.0,38.196274788131866,StackingRegressor
36.0,38.557653780014576,StackingRegressor
41.0,41.75916175740389,StackingRegressor
42.0,44.1605786602731,StackingRegressor
44.0,45.799509780112,StackingRegressor
39.0,39.969598700225966,StackingRegressor
51.0,43.98237157647985,StackingRegressor
37.0,40.75920701512948,StackingRegressor
35.0,39.57073441563731,StackingRegressor
36.0,37.49611093995158,StackingRegressor
41.0,43.51711004413806,StackingRegressor
39.0,40.30409026814882,StackingRegressor
48.0,48.697012663538246,StackingRegressor
52.0,51.961866432689064,StackingRegressor
39.0,39.61811414419387,StackingRegressor
37.0,40.5514255273926,StackingRegressor
36.0,34.56331129628225,StackingRegressor
39.0,41.22316197227156,StackingRegressor
37.0,37.39822114819916,StackingRegressor
37.0,39.177621229828134,StackingRegressor
37.0,37.264163870557674,StackingRegressor
38.0,42.61841306716194,StackingRegressor
38.0,39.56677496204538,StackingRegressor
54.0,44.63205870381694,StackingRegressor
45.0,42.095930467308435,StackingRegressor
35.0,38.63833515936373,StackingRegressor
38.0,41.019970838290845,StackingRegressor
40.0,40.637552669207,StackingRegressor
40.0,40.43965392562994,StackingRegressor
42.0,44.688670544388856,StackingRegressor
40.0,39.30656898067295,StackingRegressor
35.0,39.74960070425746,StackingRegressor
43.0,45.14827300492442,StackingRegressor
43.0,42.6327867526305,StackingRegressor
37.0,37.713801025111934,StackingRegressor
43.0,40.59879450644513,StackingRegressor
51.0,39.22821102640682,StackingRegressor
42.0,39.66787325816152,StackingRegressor
46.0,44.48082326036301,StackingRegressor
45.0,43.72638514507895,StackingRegressor
43.0,38.519688829581874,StackingRegressor
35.0,36.823189120188886,StackingRegressor
45.0,37.150305074578974,StackingRegressor
43.0,44.043073302486135,StackingRegressor
43.0,45.493189096946665,StackingRegressor
51.0,46.252173017425136,StackingRegressor
41.0,40.49070872625449,StackingRegressor
40.0,39.049630631148524,StackingRegressor
33.0,36.73480034622684,StackingRegressor
38.0,41.22004840707016,StackingRegressor
40.0,40.58784199116204,StackingRegressor
48.0,48.10164252976715,StackingRegressor
38.0,38.71808703305867,StackingRegressor
48.0,45.38222369190851,StackingRegressor
37.0,40.089050050937274,StackingRegressor
40.0,39.0829791918358,StackingRegressor
47.0,45.743480696000475,StackingRegressor
37.0,38.54059754992205,StackingRegressor
41.0,44.87636875179301,StackingRegressor
40.0,42.68170343992686,StackingRegressor
48.0,45.42394335168846,StackingRegressor
36.0,39.77048244591859,StackingRegressor
45.0,46.048948840664025,StackingRegressor
48.0,44.74851641446785,StackingRegressor
39.0,40.250625476596774,StackingRegressor
36.0,38.451332438243114,StackingRegressor
46.0,43.91043256014036,StackingRegressor
45.0,46.450128916858084,StackingRegressor
57.0,50.31510123848794,StackingRegressor
38.0,40.31405576688622,StackingRegressor
47.0,45.0294853226124,StackingRegressor
38.0,42.864965728747165,StackingRegressor
50.0,47.41520055386949,StackingRegressor
41.0,42.42817558321305,StackingRegressor
43.0,44.43535859820389,StackingRegressor
36.0,41.89850102308898,StackingRegressor
39.0,44.22701318119519,StackingRegressor
41.0,42.04234468376724,StackingRegressor
45.0,42.632003392902234,StackingRegressor
39.0,40.9559925060511,StackingRegressor
39.0,46.0398941692742,StackingRegressor
40.0,41.362738631823625,StackingRegressor
41.0,47.05967319548327,StackingRegressor
37.0,39.333180692711274,StackingRegressor
37.0,41.33119729810835,StackingRegressor
36.0,39.31295330861987,StackingRegressor
37.0,39.09575471731358,StackingRegressor
43.0,45.89845620318769,StackingRegressor
47.0,40.1296505070949,StackingRegressor
46.0,48.858332466533895,StackingRegressor
41.0,39.99313815768264,StackingRegressor
37.0,38.064228030960294,StackingRegressor
43.0,43.30628232366587,StackingRegressor
38.0,40.51910142468455,StackingRegressor
38.0,41.215229694508366,StackingRegressor
38.0,36.42457383170064,StackingRegressor
53.0,51.54959136206919,StackingRegressor
41.0,41.5093593430566,StackingRegressor
38.0,39.273632309018396,StackingRegressor
40.0,41.19060216651139,StackingRegressor
42.0,41.10255498941071,StackingRegressor
47.0,45.061819718204845,StackingRegressor
40.0,42.21560692392511,StackingRegressor
30.0,37.52038616290274,StackingRegressor
46.0,39.12388471709836,StackingRegressor
43.0,43.32165672661777,StackingRegressor
39.0,43.85195956702519,StackingRegressor
35.0,37.310560937883146,StackingRegressor
44.0,40.927067578549405,StackingRegressor
35.0,36.480360455712386,StackingRegressor
42.0,46.5569484729674,StackingRegressor
52.0,41.303412447762945,StackingRegressor
37.0,39.76112622688112,StackingRegressor
42.0,42.07467227011965,StackingRegressor
43.0,43.0832780673891,StackingRegressor
48.0,43.57374156753811,StackingRegressor
42.0,41.97690350113515,StackingRegressor
38.0,39.30445429199796,StackingRegressor
45.0,42.48721310566947,StackingRegressor
55.0,44.18189744059039,StackingRegressor
40.0,41.63628515079023,StackingRegressor
42.0,41.4925259618937,StackingRegressor
59.0,40.08742676840909,StackingRegressor
32.0,35.523038938135414,StackingRegressor
35.0,38.56600171784871,StackingRegressor
48.0,40.07509359290004,StackingRegressor
40.0,40.68667924052586,StackingRegressor
45.0,42.232952159987455,StackingRegressor
44.0,40.27934896819385,StackingRegressor
44.0,41.08199897397836,StackingRegressor
36.0,38.46684098584481,StackingRegressor
37.0,41.236980087750766,StackingRegressor
40.0,42.36527364247088,StackingRegressor
42.0,44.10519836919069,StackingRegressor
43.0,43.52672221351746,StackingRegressor
42.0,44.81211960301597,StackingRegressor
37.0,38.095850033419,StackingRegressor
37.0,41.87792217596894,StackingRegressor
41.0,41.392265505656816,StackingRegressor
44.0,42.35411676882667,StackingRegressor
41.0,40.281787468250556,StackingRegressor
45.0,40.30118730874962,StackingRegressor
38.0,38.03945459219233,StackingRegressor
36.0,37.17706488526224,StackingRegressor
41.0,44.31221282704672,StackingRegressor
35.0,35.668138326206126,StackingRegressor
43.0,43.32220172969676,StackingRegressor
37.0,39.79799836007648,StackingRegressor
47.0,43.21121049218567,StackingRegressor
56.0,52.8114068097825,StackingRegressor
35.0,37.345187239887515,StackingRegressor
45.0,38.58465396593338,StackingRegressor
36.0,38.6440225597312,StackingRegressor
37.0,38.416224134284406,StackingRegressor
46.0,38.743108939204596,StackingRegressor
37.0,39.9496900284182,StackingRegressor
41.0,41.756248605489695,StackingRegressor
43.0,40.55260413686779,StackingRegressor
45.0,40.6558601973165,StackingRegressor
56.0,49.2294295677854,StackingRegressor
53.0,49.472498519141325,StackingRegressor
36.0,37.39881054728096,StackingRegressor
44.0,44.759606007206,StackingRegressor
38.0,42.03767028722673,StackingRegressor
49.0,38.400295192366045,StackingRegressor
45.0,45.30864355561765,StackingRegressor
33.0,34.99402631467125,StackingRegressor
38.0,35.61367163877587,StackingRegressor
36.0,39.05953540923784,StackingRegressor
43.0,40.9882353045971,StackingRegressor
40.0,41.22497750241553,StackingRegressor
42.0,42.17024600948649,StackingRegressor
47.0,41.31318573591554,StackingRegressor
45.0,42.42857151095589,StackingRegressor
46.0,43.67705874419623,StackingRegressor
45.0,40.46381457633731,StackingRegressor
41.0,42.05065089076739,StackingRegressor
40.0,41.00841526242061,StackingRegressor
36.0,37.54914243825385,StackingRegressor
47.0,36.97598273355528,StackingRegressor
38.0,43.55622116162408,StackingRegressor
42.0,38.91485616097802,StackingRegressor
43.0,42.63823578205699,StackingRegressor
47.0,46.333081542997284,StackingRegressor
51.0,41.47254641751138,StackingRegressor
33.0,36.43067242658875,StackingRegressor
33.0,36.93250134427973,StackingRegressor
37.0,42.842549125744924,StackingRegressor
45.0,46.6885067451352,StackingRegressor
38.0,37.86641560395329,StackingRegressor
37.0,41.1983687283058,StackingRegressor
39.0,43.60423863137552,StackingRegressor
42.0,43.006951980986905,StackingRegressor
39.0,38.81126308114342,StackingRegressor
39.0,41.558784509226726,StackingRegressor
38.0,38.89277918357547,StackingRegressor
39.0,36.58372226848668,StackingRegressor
46.0,46.621632166878456,StackingRegressor
39.0,41.83406534665558,StackingRegressor
38.0,36.564226628955595,StackingRegressor
41.0,38.79637537721203,StackingRegressor
45.0,43.933829135951854,StackingRegressor
55.0,41.031442632663655,StackingRegressor
46.0,43.20207769617328,StackingRegressor
55.0,49.58844894548334,StackingRegressor
37.0,37.20087334266797,StackingRegressor
42.0,41.77595398782657,StackingRegressor
48.0,44.767284989761684,StackingRegressor
33.0,35.93282455891855,StackingRegressor
38.0,42.516841146102905,StackingRegressor
42.0,44.3610125520441,StackingRegressor
46.0,37.560388248417745,StackingRegressor
35.0,39.2053979372114,StackingRegressor
41.0,42.067043428993415,StackingRegressor
51.0,39.679625307504416,StackingRegressor
42.0,42.919842354596206,StackingRegressor
36.0,40.99167306102616,StackingRegressor
40.0,40.97725593063565,StackingRegressor
46.0,39.37128541058634,StackingRegressor
33.0,40.27256225404942,StackingRegressor
36.0,37.651643781847966,StackingRegressor
40.0,37.35938985932685,StackingRegressor
43.0,44.84079888468318,StackingRegressor
40.0,37.75192229172754,StackingRegressor
47.0,36.88713899447703,StackingRegressor
46.0,46.595665185609924,StackingRegressor
36.0,38.997612582891676,StackingRegressor
39.0,39.752924788597596,StackingRegressor
39.0,43.65057769632088,StackingRegressor
43.0,42.229074986120736,StackingRegressor
43.0,46.849120396909484,StackingRegressor
39.0,38.814974402720736,StackingRegressor
50.0,43.86137339179403,StackingRegressor
41.0,41.053102895726454,StackingRegressor
34.0,36.88860125695423,StackingRegressor
38.0,42.85337455197866,StackingRegressor
54.0,53.291096945027974,StackingRegressor
46.0,45.13787019513629,StackingRegressor
48.0,44.37190033119984,StackingRegressor
43.0,43.011730981619195,StackingRegressor
38.0,41.430041845520385,StackingRegressor
48.0,40.825317075658845,StackingRegressor
35.0,37.073114700921415,StackingRegressor
60.0,46.741669166551794,StackingRegressor
40.0,40.84289247526726,StackingRegressor
40.0,43.45746392000447,StackingRegressor
45.0,40.47774215845087,StackingRegressor
38.0,38.82358329071927,StackingRegressor
38.0,42.72338052998529,StackingRegressor
38.0,38.26740852791614,StackingRegressor
52.0,42.01329088637712,StackingRegressor
39.0,39.09920350405579,StackingRegressor
53.0,47.548095776384855,StackingRegressor
35.0,38.02344297257807,StackingRegressor
42.0,39.173811025250046,StackingRegressor
40.0,42.036512494335,StackingRegressor
40.0,43.00558099508225,StackingRegressor
40.0,40.49471347287047,StackingRegressor
42.0,40.38126252909407,StackingRegressor
39.0,40.29618865367921,StackingRegressor
46.0,40.64118773487745,StackingRegressor
42.0,45.09757140469247,StackingRegressor
44.0,43.20477982425186,StackingRegressor
41.0,42.87682305912801,StackingRegressor
53.0,43.63159236521406,StackingRegressor
52.0,43.96948670988943,StackingRegressor
39.0,37.91357183796568,StackingRegressor
44.0,46.995919581516155,StackingRegressor
55.0,45.83387256774834,StackingRegressor
36.0,39.239699666935195,StackingRegressor
36.0,37.385850040538,StackingRegressor
41.0,42.633899937421255,StackingRegressor
50.0,43.499998711807685,StackingRegressor
48.0,40.21493538334669,StackingRegressor
40.0,42.45839214414197,StackingRegressor
36.0,39.57032924878047,StackingRegressor
41.0,42.14900867308842,StackingRegressor
42.0,39.312723528961,StackingRegressor
47.0,36.527576582784256,StackingRegressor
45.0,47.610151697611855,StackingRegressor
42.0,40.25691590525439,StackingRegressor
43.0,45.593408836941805,StackingRegressor
42.0,39.384532582327324,StackingRegressor
38.0,40.083759614199764,StackingRegressor
47.0,43.41687141009636,StackingRegressor
49.0,40.47578128030948,StackingRegressor
37.0,37.884015070236366,StackingRegressor
38.0,37.59686645378365,StackingRegressor
44.0,43.21556280157488,StackingRegressor
44.0,43.88470167669573,StackingRegressor
42.0,42.34671644089431,StackingRegressor
37.0,37.436648086444826,StackingRegressor
46.0,43.32561787112326,StackingRegressor
45.0,50.36787141409083,StackingRegressor
43.0,45.34383361351686,StackingRegressor
37.0,38.88828758887408,StackingRegressor
35.0,37.900057537799306,StackingRegressor
50.0,44.57973424453169,StackingRegressor
43.0,43.11770203111112,StackingRegressor
39.0,41.04150193643811,StackingRegressor
41.0,38.89407473498916,StackingRegressor
34.0,37.16352629667447,StackingRegressor
43.0,43.708441976982,StackingRegressor
38.0,42.47453843913775,StackingRegressor
45.0,43.985586767705485,StackingRegressor
39.0,36.99114974795799,StackingRegressor
48.0,45.344961274086224,StackingRegressor
36.0,38.06379087695528,StackingRegressor
41.0,40.93213677053061,StackingRegressor
37.0,38.50259638052033,StackingRegressor
47.0,43.07817430261323,StackingRegressor
38.0,40.989136088043956,StackingRegressor
46.0,41.14832552860943,StackingRegressor
37.0,37.3497295593705,StackingRegressor
40.0,40.35250870185367,StackingRegressor
37.0,39.22388555759471,StackingRegressor
46.0,43.227374577334906,StackingRegressor
37.0,39.786111932324644,StackingRegressor
38.0,41.532215946295366,StackingRegressor
41.0,38.681776976359096,StackingRegressor
42.0,40.98268010239357,StackingRegressor
37.0,39.68130079353173,StackingRegressor
35.0,40.33206282546729,StackingRegressor
45.0,43.68385435898142,StackingRegressor
44.0,45.23598630715763,StackingRegressor
35.0,38.994261320366284,StackingRegressor
35.0,40.728289073977436,StackingRegressor
36.0,39.05510659360505,StackingRegressor
37.0,38.99717047130821,StackingRegressor
41.0,42.97804765635307,StackingRegressor
40.0,38.666884103445135,StackingRegressor
38.0,37.93007189190382,StackingRegressor
43.0,43.90130377372528,StackingRegressor
35.0,38.111932963009025,StackingRegressor
52.0,38.05782259596197,StackingRegressor
41.0,43.768428064202155,StackingRegressor
45.0,45.367391223995895,StackingRegressor
42.0,41.94177798135634,StackingRegressor
45.0,48.36523824272323,StackingRegressor
43.0,42.528254933833466,StackingRegressor
40.0,43.03272324087732,StackingRegressor
40.0,39.0858911911929,StackingRegressor
36.0,37.546741438510196,StackingRegressor
40.0,44.65812734300376,StackingRegressor
44.0,41.76498554421774,StackingRegressor
47.0,44.37277034590845,StackingRegressor
40.0,43.78487620076414,StackingRegressor
34.0,36.29814625786883,StackingRegressor
44.0,43.95930006651186,StackingRegressor
38.0,36.443810757988615,StackingRegressor
41.0,39.175439964282965,StackingRegressor
49.0,49.5820178785028,StackingRegressor
42.0,43.93030513528431,StackingRegressor
40.0,41.62544137816898,StackingRegressor
38.0,42.38192451904682,StackingRegressor
36.0,38.325872885455404,StackingRegressor
53.0,48.68929633144522,StackingRegressor
37.0,39.79994802881498,StackingRegressor
42.0,41.94348694415892,StackingRegressor
34.0,39.25594035740615,StackingRegressor
57.0,49.79348844905552,StackingRegressor
38.0,40.320893761783964,StackingRegressor
55.0,47.59980293912693,StackingRegressor
36.0,38.66342195788705,StackingRegressor
42.0,45.66278469472479,StackingRegressor
45.0,48.48813006206625,StackingRegressor
38.0,42.940730334115585,StackingRegressor
60.0,43.08416757896014,StackingRegressor
39.0,37.52850633971097,StackingRegressor
44.0,49.57362631973671,StackingRegressor
43.0,43.09177793663077,StackingRegressor
40.0,39.869322138654724,StackingRegressor
46.0,44.558374627204884,StackingRegressor
45.0,48.77686780925236,StackingRegressor
34.0,35.402268087149714,StackingRegressor
37.0,40.71284644496314,StackingRegressor
46.0,41.85080494266922,StackingRegressor
43.0,41.82319001400212,StackingRegressor
33.0,35.81695835823996,StackingRegressor
34.0,38.76599925320155,StackingRegressor
32.0,36.153546941698266,StackingRegressor
37.0,39.19819615070145,StackingRegressor
40.0,45.82967810961394,StackingRegressor
30.0,36.16426296820503,StackingRegressor
45.0,46.3328216078218,StackingRegressor
41.0,41.20182054804195,StackingRegressor
47.0,48.00279140719219,StackingRegressor
42.0,39.608921106482114,StackingRegressor
47.0,43.10963767299846,StackingRegressor
38.0,42.15516870322931,StackingRegressor
45.0,43.30214308384765,StackingRegressor
35.0,38.262245511690125,StackingRegressor
50.0,49.15798297477342,StackingRegressor
48.0,52.01202013815595,StackingRegressor
55.0,37.055922527634266,StackingRegressor
47.0,39.8354516505853,StackingRegressor
48.0,43.757603797781684,StackingRegressor
37.0,38.61451983771953,StackingRegressor
40.0,39.902926879328206,StackingRegressor
43.0,43.23849145700119,StackingRegressor
46.0,48.29584309153833,StackingRegressor
52.0,39.793533031323385,StackingRegressor
37.0,42.67103719674296,StackingRegressor
44.0,42.70798932865978,StackingRegressor
45.0,45.06910871450984,StackingRegressor
40.0,41.53295926380899,StackingRegressor
37.0,39.71396937424623,StackingRegressor
37.0,40.18484749026748,StackingRegressor
35.0,38.1525568803853,StackingRegressor
35.0,38.85398152381346,StackingRegressor
48.0,42.87161966395485,StackingRegressor
39.0,41.94436688216343,StackingRegressor
39.0,41.89538265666795,StackingRegressor
39.0,39.337683049989906,StackingRegressor
43.0,42.79898621457649,StackingRegressor
41.0,42.601484106726744,StackingRegressor
48.0,42.60582326045179,StackingRegressor
43.0,38.746295546084255,StackingRegressor
45.0,43.00718435665735,StackingRegressor
37.0,38.099071100475214,StackingRegressor
39.0,41.28969152746157,StackingRegressor
42.0,42.653064243854814,StackingRegressor
40.0,42.87788560094559,StackingRegressor
38.0,41.40010508818902,StackingRegressor
45.0,43.82358534071972,StackingRegressor
45.0,40.33079518775617,StackingRegressor
41.0,41.48715651644824,StackingRegressor
43.0,43.41002923194852,StackingRegressor
36.0,40.33431999879369,StackingRegressor
55.0,49.82914028627122,StackingRegressor
41.0,42.14252003146656,StackingRegressor
37.0,37.78552887451066,StackingRegressor
35.0,39.940119583715244,StackingRegressor
40.0,44.09779123148304,StackingRegressor
37.0,38.56715089870525,StackingRegressor
36.0,37.88413629006564,StackingRegressor
47.0,43.59697958753998,StackingRegressor
43.0,41.68677044401737,StackingRegressor
44.0,44.189164966437104,StackingRegressor
54.0,43.35714661953618,StackingRegressor
40.0,40.49903854884152,StackingRegressor
45.0,42.42518582331969,StackingRegressor
45.0,42.815843864005664,StackingRegressor
38.0,39.49090356506319,StackingRegressor
40.0,36.27265337336903,StackingRegressor
44.0,42.31421060757076,StackingRegressor
53.0,51.06067801006211,StackingRegressor
43.0,44.05983602182663,StackingRegressor
49.0,47.19833722349139,StackingRegressor
35.0,38.39025385060257,StackingRegressor
41.0,40.80535954021881,StackingRegressor
41.0,36.57873829274858,StackingRegressor
37.0,38.9484152594338,StackingRegressor
40.0,40.30521424257288,StackingRegressor
39.0,43.29346667430763,StackingRegressor
45.0,40.94967355768267,StackingRegressor
39.0,37.81626844969368,StackingRegressor
41.0,38.24482017282346,StackingRegressor
59.0,42.116824026879144,StackingRegressor
41.0,36.89401358261844,StackingRegressor
40.0,40.90833609369463,StackingRegressor
35.0,38.80994265601319,StackingRegressor
42.0,40.643858973099654,StackingRegressor
52.0,46.67332015763887,StackingRegressor
49.0,38.93481176414432,StackingRegressor
44.0,42.49522864595844,StackingRegressor
42.0,44.88748360410864,StackingRegressor
45.0,43.43806784851192,StackingRegressor
43.0,44.75229615216838,StackingRegressor
46.0,43.86472343405457,StackingRegressor
35.0,37.18190042666545,StackingRegressor
39.0,40.287414221715665,StackingRegressor
38.0,39.94777040336495,StackingRegressor
38.0,40.611459043545985,StackingRegressor
39.0,41.51367781474316,StackingRegressor
42.0,44.94452666981532,StackingRegressor
43.0,42.874077171299305,StackingRegressor
45.0,43.614885683130645,StackingRegressor
43.0,41.94480646610604,StackingRegressor
38.0,38.71580823293365,StackingRegressor
51.0,46.00109921945221,StackingRegressor
49.0,44.867366863595024,StackingRegressor
45.0,44.16250451992264,StackingRegressor
57.0,51.431373649757624,StackingRegressor
46.0,42.609935265923525,StackingRegressor
37.0,40.67338508161702,StackingRegressor
43.0,43.728592479224325,StackingRegressor
43.0,42.61027279077478,StackingRegressor
41.0,39.91532221196268,StackingRegressor
34.0,37.18287989253874,StackingRegressor
50.0,44.82119254118837,StackingRegressor
34.0,37.44665902829142,StackingRegressor
40.0,43.32192063880452,StackingRegressor
36.0,40.584375151592695,StackingRegressor
40.0,36.19210393057472,StackingRegressor
41.0,43.9501751702603,StackingRegressor
44.0,43.949332676077034,StackingRegressor
44.0,47.24832894222125,StackingRegressor
38.0,41.18649851901432,StackingRegressor
41.0,40.44899436921523,StackingRegressor
41.0,40.7199851955818,StackingRegressor
37.0,38.52975321234915,StackingRegressor
37.0,40.36302525678843,StackingRegressor
45.0,46.87314661670595,StackingRegressor
44.0,41.414554019545804,StackingRegressor
39.0,39.3114668293795,StackingRegressor
40.0,39.43555778790471,StackingRegressor
49.0,43.82231912607228,StackingRegressor
40.0,42.28241801622907,StackingRegressor
46.0,46.361415194736566,StackingRegressor
35.0,38.31986909414305,StackingRegressor
39.0,42.51842534959744,StackingRegressor
39.0,38.957739449182775,StackingRegressor
44.0,41.585959242153734,StackingRegressor
41.0,39.952220118743035,StackingRegressor
33.0,36.30112512901724,StackingRegressor
41.0,40.028845853073335,StackingRegressor
40.0,38.41833178656877,StackingRegressor
43.0,42.11033017228735,StackingRegressor
41.0,38.03863149387507,StackingRegressor
52.0,43.87223406018538,StackingRegressor
43.0,42.25896006851071,StackingRegressor
38.0,47.31992520761954,StackingRegressor
35.0,37.81154242322166,StackingRegressor
37.0,40.58498501067952,StackingRegressor
41.0,36.69776774838331,StackingRegressor
44.0,40.26089338339372,StackingRegressor
47.0,43.36795155027995,StackingRegressor
43.0,37.62620018861762,StackingRegressor
38.0,42.329017462525215,StackingRegressor
37.0,41.390285856154975,StackingRegressor
38.0,41.35515446505981,StackingRegressor
43.0,46.2593181305797,StackingRegressor
38.0,42.86961187310689,StackingRegressor
59.0,36.94910540821004,StackingRegressor
40.0,41.95494964398958,StackingRegressor
38.0,42.77900119814554,StackingRegressor
42.0,42.51190014364637,StackingRegressor
43.0,39.58172768041881,StackingRegressor
53.0,48.05173352100792,StackingRegressor
41.0,40.91812465163369,StackingRegressor
35.0,36.73643885694835,StackingRegressor
44.0,43.211404592567874,StackingRegressor
59.0,38.68454787607725,StackingRegressor
47.0,47.626538169421806,StackingRegressor
37.0,39.627620297521936,StackingRegressor
47.0,44.7290469446945,StackingRegressor
36.0,39.1121710368931,StackingRegressor
44.0,43.40758876951678,StackingRegressor
45.0,45.37852831285028,StackingRegressor
40.0,44.186798839159025,StackingRegressor
42.0,41.77809742844249,StackingRegressor
30.0,34.3158596583518,StackingRegressor
33.0,37.38277720462151,StackingRegressor
42.0,40.761650799689455,StackingRegressor
46.0,40.932205871281965,StackingRegressor
39.0,38.86856634886567,StackingRegressor
45.0,44.89914204509377,StackingRegressor
47.0,42.31380936498888,StackingRegressor
32.0,36.95291575310291,StackingRegressor
41.0,43.188536495487995,StackingRegressor
52.0,42.43897449664882,StackingRegressor
45.0,44.142047924403386,StackingRegressor
38.0,38.778342555620824,StackingRegressor
41.0,39.77154000073927,StackingRegressor
54.0,40.17239183291134,StackingRegressor
43.0,44.32369789452437,StackingRegressor
47.0,41.119683742011965,StackingRegressor
46.0,46.453221596606475,StackingRegressor
41.0,41.655897212437225,StackingRegressor
39.0,41.472046413733445,StackingRegressor
47.0,47.42200481072973,StackingRegressor
44.0,49.099957301434614,StackingRegressor
45.0,43.080554133508556,StackingRegressor
44.0,43.08166115169562,StackingRegressor
37.0,39.55724384440978,StackingRegressor
40.0,43.37150812332116,StackingRegressor
33.0,35.03338391190927,StackingRegressor
39.0,37.92365245261168,StackingRegressor
47.0,46.88179140792512,StackingRegressor
36.0,36.627144222077064,StackingRegressor
39.0,44.38385297441401,StackingRegressor
53.0,46.279532814251326,StackingRegressor
44.0,42.86553599878165,StackingRegressor
37.0,39.85647218922828,StackingRegressor
49.0,44.83618619271677,StackingRegressor
37.0,39.050917884786,StackingRegressor
38.0,40.29651615998284,StackingRegressor
45.0,46.60785354184646,StackingRegressor
47.0,42.32819138076964,StackingRegressor
41.0,42.4949740235883,StackingRegressor
44.0,40.54440590696612,StackingRegressor
60.0,48.34861485357088,StackingRegressor
46.0,49.19678624002191,StackingRegressor
38.0,40.53396777807246,StackingRegressor
50.0,40.41215166508455,StackingRegressor
41.0,41.341980817294825,StackingRegressor
48.0,45.88061296612365,StackingRegressor
34.0,38.17025573976431,StackingRegressor
36.0,36.89357492049193,StackingRegressor
42.0,44.27221396548349,StackingRegressor
40.0,42.755732382917834,StackingRegressor
38.0,38.96083139010763,StackingRegressor
42.0,44.587390556984914,StackingRegressor
47.0,41.559268949445816,StackingRegressor
47.0,36.87175033148589,StackingRegressor
30.0,39.5290418933813,StackingRegressor
40.0,42.42766548688719,StackingRegressor
46.0,44.72455549596221,StackingRegressor
51.0,51.287730543839274,StackingRegressor
45.0,40.65619134248675,StackingRegressor
39.0,40.4971041836144,StackingRegressor
39.0,39.86164431936667,StackingRegressor
53.0,45.12067988421258,StackingRegressor
41.0,42.11393677822262,StackingRegressor
46.0,41.74935204751134,StackingRegressor
39.0,43.830451477719535,StackingRegressor
45.0,44.42420128027039,StackingRegressor
43.0,41.48464790842016,StackingRegressor
47.0,43.282094136999156,StackingRegressor
38.0,39.34385396184695,StackingRegressor
36.0,37.4567827117175,StackingRegressor
42.0,46.60845245749858,StackingRegressor
44.0,45.18844933676775,StackingRegressor
37.0,40.17987562041704,StackingRegressor
51.0,44.040434923677736,StackingRegressor
35.0,37.122671213066255,StackingRegressor
42.0,37.871695826258595,StackingRegressor
49.0,47.10670620809401,StackingRegressor
42.0,46.26186123580115,StackingRegressor
38.0,42.52311586178546,StackingRegressor
47.0,48.1410512636563,StackingRegressor
46.0,41.93484348027326,StackingRegressor
53.0,46.921454711631036,StackingRegressor
43.0,38.622226456594866,StackingRegressor
40.0,42.929857470009885,StackingRegressor
35.0,37.01085257102052,StackingRegressor
39.0,39.36044242296615,StackingRegressor
43.0,40.46796017028224,StackingRegressor
34.0,35.923184511688646,StackingRegressor
46.0,48.87401864084656,StackingRegressor
35.0,35.909031114222785,StackingRegressor
38.0,42.0870572708269,StackingRegressor
34.0,39.31577140947276,StackingRegressor
42.0,37.815132865360795,StackingRegressor
47.0,47.54066015928533,StackingRegressor
45.0,43.29962645838103,StackingRegressor
39.0,40.01016240788336,StackingRegressor
41.0,44.46732262854991,StackingRegressor
45.0,45.831617070796554,StackingRegressor
37.0,38.74594062927993,StackingRegressor
45.0,47.88740820293623,StackingRegressor
40.0,39.493779187384675,StackingRegressor
39.0,40.85499817272757,StackingRegressor
39.0,40.066456931402705,StackingRegressor
39.0,41.663982695975164,StackingRegressor
38.0,40.18246088469691,StackingRegressor
42.0,44.380897481635515,StackingRegressor
43.0,48.18649154506165,StackingRegressor
45.0,44.98698399909338,StackingRegressor
39.0,40.71700569764047,StackingRegressor
49.0,45.370925574224415,StackingRegressor
47.0,41.546044001460544,StackingRegressor
35.0,39.81005218478073,StackingRegressor
42.0,43.35082536947015,StackingRegressor
38.0,38.42804194950458,StackingRegressor
38.0,36.868279742061254,StackingRegressor
41.0,42.63331939882451,StackingRegressor
40.0,43.54759658412206,StackingRegressor
48.0,42.291434834941924,StackingRegressor
41.0,43.03143018624657,StackingRegressor
38.0,41.068604663845875,StackingRegressor
45.0,44.41033909276122,StackingRegressor
44.0,46.83309939332169,StackingRegressor
51.0,39.69928270199652,StackingRegressor
34.0,37.06837181029358,StackingRegressor
58.0,47.33912602268389,StackingRegressor
39.0,40.04512440452907,StackingRegressor
39.0,40.16421423253665,StackingRegressor
47.0,48.60635499702791,StackingRegressor
49.0,43.23155789712635,StackingRegressor
39.0,41.80649139706064,StackingRegressor
41.0,45.387549254093344,StackingRegressor
39.0,43.98874903872087,StackingRegressor
48.0,46.25358937953765,StackingRegressor
60.0,52.604453121524955,StackingRegressor
37.0,39.38882038117265,StackingRegressor
40.0,40.76990065899007,StackingRegressor
42.0,42.313794331927596,StackingRegressor
50.0,40.136015613269095,StackingRegressor
47.0,46.05352048011873,StackingRegressor
38.0,39.36221363771483,StackingRegressor
33.0,37.48699110305924,StackingRegressor
41.0,42.88549793078287,StackingRegressor
40.0,41.232557487658084,StackingRegressor
34.0,39.76981695432823,StackingRegressor
50.0,40.94820877343655,StackingRegressor
38.0,41.89970101800474,StackingRegressor
37.0,38.21910268395692,StackingRegressor
40.0,40.513704811247074,StackingRegressor
38.0,41.86456163766967,StackingRegressor
37.0,38.05602429541988,StackingRegressor
50.0,40.98397646884646,StackingRegressor
38.0,41.39715251873611,StackingRegressor
40.0,38.08604478165752,StackingRegressor
42.0,41.45399841345961,StackingRegressor
44.0,39.72237529345671,StackingRegressor
49.0,46.328348564911494,StackingRegressor
35.0,38.018408540082206,StackingRegressor
45.0,45.393736555342976,StackingRegressor
36.0,37.92286385612506,StackingRegressor
46.0,41.403285631424005,StackingRegressor
34.0,37.4980328295552,StackingRegressor
51.0,49.973295853376776,StackingRegressor
41.0,42.972889244754256,StackingRegressor
45.0,44.50802599519463,StackingRegressor
47.0,41.76234676868703,StackingRegressor
44.0,39.36978081982151,StackingRegressor
42.0,41.50585803421177,StackingRegressor
37.0,41.29380913181522,StackingRegressor
41.0,42.89152147307732,StackingRegressor
40.0,37.1445580261829,StackingRegressor
44.0,40.9131312779109,StackingRegressor
38.0,38.04352175682752,StackingRegressor
40.0,42.19645159867329,StackingRegressor
38.0,41.517255731179475,StackingRegressor
43.0,44.271830823859176,StackingRegressor
53.0,48.63831779237256,StackingRegressor
49.0,43.421075644947905,StackingRegressor
40.0,41.61142205007893,StackingRegressor
39.0,40.28600061795872,StackingRegressor
43.0,42.83788290288988,StackingRegressor
41.0,43.24690665684935,StackingRegressor
40.0,41.969548063061715,StackingRegressor
47.0,39.1912673029794,StackingRegressor
40.0,39.49477209582062,StackingRegressor
33.0,32.873275268688715,StackingRegressor
40.0,41.29241891992396,StackingRegressor
44.0,39.141579195883025,StackingRegressor
41.0,42.251630905248135,StackingRegressor
40.0,35.8358434737638,StackingRegressor
40.0,41.23864774202744,StackingRegressor
52.0,41.80328806629883,StackingRegressor
44.0,40.85249560363236,StackingRegressor
38.0,39.585097132795276,StackingRegressor
42.0,42.43191140114992,StackingRegressor
46.0,43.262484398560105,StackingRegressor
34.0,36.60635081462415,StackingRegressor
45.0,45.030822204791576,StackingRegressor
37.0,40.7704057348967,StackingRegressor
39.0,41.82276552021249,StackingRegressor
41.0,42.01962741767647,StackingRegressor
41.0,37.03579808626494,StackingRegressor
42.0,45.33149317042701,StackingRegressor
58.0,49.62720713935604,StackingRegressor
45.0,41.48964612032695,StackingRegressor
36.0,39.79421898358558,StackingRegressor
50.0,41.77167211688925,StackingRegressor
44.0,41.18834680322136,StackingRegressor
31.0,36.87375092854842,StackingRegressor
42.0,37.96863913489734,StackingRegressor
40.0,40.63491615741921,StackingRegressor
35.0,39.36419621612188,StackingRegressor
42.0,41.063985760047416,StackingRegressor
42.0,41.19136282928264,StackingRegressor
35.0,37.54541754404657,StackingRegressor
49.0,45.694793813402924,StackingRegressor
39.0,39.278807198744026,StackingRegressor
38.0,39.63587648081909,StackingRegressor
32.0,37.38993982436249,StackingRegressor
47.0,39.05441298681766,StackingRegressor
42.0,41.82790770152219,StackingRegressor
39.0,40.6584869775772,StackingRegressor
41.0,38.60413430459684,StackingRegressor
43.0,41.77455833290807,StackingRegressor
38.0,42.47317648897774,StackingRegressor
44.0,43.40483369595421,StackingRegressor
40.0,42.19506152657955,StackingRegressor
39.0,37.943908572250706,StackingRegressor
41.0,41.482929232991765,StackingRegressor
46.0,49.225513057982106,StackingRegressor
37.0,42.15735104909581,StackingRegressor
39.0,41.18321824914806,StackingRegressor
40.0,41.52843606992326,StackingRegressor
35.0,37.422444945488095,StackingRegressor
39.0,42.522744606233864,StackingRegressor
36.0,40.87562288330706,StackingRegressor
40.0,42.58846431310541,StackingRegressor
46.0,39.82163083723492,StackingRegressor
44.0,39.257981105380104,StackingRegressor
42.0,44.21855125152955,StackingRegressor
46.0,46.420482925500195,StackingRegressor
46.0,40.88849371996052,StackingRegressor
40.0,37.90915011482838,StackingRegressor
42.0,43.3453896344682,StackingRegressor
42.0,41.28803314588505,StackingRegressor
35.0,36.959926076904424,StackingRegressor
38.0,39.42366659325541,StackingRegressor
47.0,41.84158992206086,StackingRegressor
47.0,43.13431171081214,StackingRegressor
48.0,42.50173270129643,StackingRegressor
44.0,44.776452121979304,StackingRegressor
41.0,44.99917370973324,StackingRegressor
48.0,48.46804006784494,StackingRegressor
46.0,44.99340128534556,StackingRegressor
41.0,40.004285539024835,StackingRegressor
48.0,44.98505630224899,StackingRegressor
41.0,42.51442206203146,StackingRegressor
38.0,43.31701590778707,StackingRegressor
34.0,36.65084895419999,StackingRegressor
39.0,36.778836734692746,StackingRegressor
45.0,48.12526599210176,StackingRegressor
35.0,39.806968409157264,StackingRegressor
39.0,37.81814977344935,StackingRegressor
39.0,38.52035199234587,StackingRegressor
41.0,41.946951099363545,StackingRegressor
35.0,38.965777426882724,StackingRegressor
48.0,39.00318640453982,StackingRegressor
35.0,38.536995322672496,StackingRegressor
51.0,45.61985265940513,StackingRegressor
38.0,38.51180395219808,StackingRegressor
43.0,44.63952125541735,StackingRegressor
39.0,41.652007402990634,StackingRegressor
44.0,45.19948152488281,StackingRegressor
44.0,46.83973494873408,StackingRegressor
40.0,43.82593468450605,StackingRegressor
48.0,45.09608494080838,StackingRegressor
46.0,38.456408377436645,StackingRegressor
36.0,36.582848566453706,StackingRegressor
45.0,41.43770776731424,StackingRegressor
37.0,41.214179424572585,StackingRegressor
46.0,43.089029617341694,StackingRegressor
35.0,39.85797843154154,StackingRegressor
56.0,40.970909949406874,StackingRegressor
35.0,38.359795720519514,StackingRegressor
38.0,36.8374744194601,StackingRegressor
42.0,41.00118768538898,StackingRegressor
46.0,50.80474118332347,StackingRegressor
42.0,40.356178407806496,StackingRegressor
43.0,46.76889734533591,StackingRegressor
39.0,40.245120979363506,StackingRegressor
41.0,40.65573475924651,StackingRegressor
44.0,37.50828729214328,StackingRegressor
37.0,36.26595547849108,StackingRegressor
49.0,43.6731861157767,StackingRegressor
39.0,38.428407545619606,StackingRegressor
51.0,44.69512547771995,StackingRegressor
38.0,39.205339844911755,StackingRegressor
43.0,43.14948894373609,StackingRegressor
43.0,41.3198512126726,StackingRegressor
30.0,40.71649535276175,StackingRegressor
30.0,35.60266512074876,StackingRegressor
33.0,35.69175650650719,StackingRegressor
47.0,42.926268998776244,StackingRegressor
48.0,44.72206871903076,StackingRegressor
41.0,36.207013628422914,StackingRegressor
41.0,40.65039952836254,StackingRegressor
43.0,41.219735408420384,StackingRegressor
46.0,38.93310285290897,StackingRegressor
37.0,39.669356369133354,StackingRegressor
34.0,37.28060721853066,StackingRegressor
55.0,41.81526892538077,StackingRegressor
39.0,40.12406721900874,StackingRegressor
43.0,42.310254894996945,StackingRegressor
44.0,42.49042827092573,StackingRegressor
40.0,42.49786220077232,StackingRegressor
38.0,42.02723240008487,StackingRegressor
51.0,46.77924857964509,StackingRegressor
36.0,38.393472535073094,StackingRegressor
42.0,40.551373536280565,StackingRegressor
36.0,39.721936232205564,StackingRegressor
39.0,41.69646493256175,StackingRegressor
40.0,42.50014142127998,StackingRegressor
40.0,39.373812025500186,StackingRegressor
35.0,38.936184730862834,StackingRegressor
35.0,38.23765662245235,StackingRegressor
49.0,39.10297060740196,StackingRegressor
44.0,43.66834048961904,StackingRegressor
38.0,37.80413394495235,StackingRegressor
47.0,41.09373430091287,StackingRegressor
44.0,41.413725670144615,StackingRegressor
41.0,41.24900178646625,StackingRegressor
40.0,41.294472726986655,StackingRegressor
46.0,46.731851321633044,StackingRegressor
43.0,38.14057758879535,StackingRegressor
38.0,42.09125390120104,StackingRegressor
49.0,48.22495133523236,StackingRegressor
43.0,40.942691460639196,StackingRegressor
46.0,50.13433535205359,StackingRegressor
39.0,39.0275847006488,StackingRegressor
37.0,37.05392743104304,StackingRegressor
46.0,45.59018812497415,StackingRegressor
39.0,41.590462606824936,StackingRegressor
41.0,41.820743570615384,StackingRegressor
37.0,41.37249059466093,StackingRegressor
51.0,49.316999128925595,StackingRegressor
42.0,40.25183130691529,StackingRegressor
38.0,37.31121646860501,StackingRegressor
41.0,41.70070583296492,StackingRegressor
37.0,40.76973771037926,StackingRegressor
36.0,35.53016554933521,StackingRegressor
60.0,41.012662810587045,StackingRegressor
51.0,44.76383015767316,StackingRegressor
43.0,43.1887949061747,StackingRegressor
40.0,42.340111084512856,StackingRegressor
35.0,39.85242093922931,StackingRegressor
47.0,42.703884074819356,StackingRegressor
47.0,37.98013870600863,StackingRegressor
51.0,46.425802176069425,StackingRegressor
48.0,45.20612723941313,StackingRegressor
46.0,42.58668958926927,StackingRegressor
42.0,42.52513216463269,StackingRegressor
42.0,43.16405895135559,StackingRegressor
42.0,41.12602416551263,StackingRegressor
35.0,38.490056263400625,StackingRegressor
56.0,51.14792238486699,StackingRegressor
46.0,42.81631071726504,StackingRegressor
49.0,51.653188896389686,StackingRegressor
35.0,37.88047630382028,StackingRegressor
39.0,43.36748883525277,StackingRegressor
45.0,43.39309942768071,StackingRegressor
36.0,40.20264123774054,StackingRegressor
40.0,40.92838328051461,StackingRegressor
44.0,48.97118274091487,StackingRegressor
38.0,37.0325756395882,StackingRegressor
43.0,37.7254258752703,StackingRegressor
43.0,42.74123740587039,StackingRegressor
43.0,40.98826879758942,StackingRegressor
40.0,43.4568199904966,StackingRegressor
56.0,48.998813691155306,StackingRegressor
43.0,41.61390015907507,StackingRegressor
45.0,41.66957192014432,StackingRegressor
38.0,40.311910183441334,StackingRegressor
37.0,36.84232966203929,StackingRegressor
41.0,42.476062936181776,StackingRegressor
44.0,41.06949283165241,StackingRegressor
40.0,41.13852096265132,StackingRegressor
37.0,40.49107831769935,StackingRegressor
40.0,40.92894351229019,StackingRegressor
35.0,37.471356172171355,StackingRegressor
33.0,36.05728062508588,StackingRegressor
41.0,43.32583180089188,StackingRegressor
45.0,46.1376624123437,StackingRegressor
38.0,43.70923164136313,StackingRegressor
53.0,38.83538744805479,StackingRegressor
39.0,39.117634498553336,StackingRegressor
48.0,48.277676400858184,StackingRegressor
44.0,43.36953755269472,StackingRegressor
47.0,43.70453418330926,StackingRegressor
46.0,40.56809460457002,StackingRegressor
36.0,36.912695054727536,StackingRegressor
40.0,37.41119848828572,StackingRegressor
45.0,41.058127764681004,StackingRegressor
37.0,38.60614494795526,StackingRegressor
33.0,36.59219717313479,StackingRegressor
51.0,40.7797932884615,StackingRegressor
35.0,36.27345892323922,StackingRegressor
39.0,41.92006658889461,StackingRegressor
42.0,36.37561428552266,StackingRegressor
43.0,36.575940617023996,StackingRegressor
40.0,42.79671858667926,StackingRegressor
43.0,42.68528740815644,StackingRegressor
34.0,36.57065227628621,StackingRegressor
45.0,43.45067186024731,StackingRegressor
37.0,37.8407317348847,StackingRegressor
43.0,41.51209277155728,StackingRegressor
43.0,41.867157899538185,StackingRegressor
41.0,42.72279828108644,StackingRegressor
43.0,44.289615855474594,StackingRegressor
53.0,50.1945690045159,StackingRegressor
46.0,44.60923510838383,StackingRegressor
41.0,41.27926056653936,StackingRegressor
36.0,38.625290584826644,StackingRegressor
43.0,44.98854297023119,StackingRegressor
56.0,55.30773968364744,StackingRegressor
45.0,41.15021772323195,StackingRegressor
38.0,39.926627059719586,StackingRegressor
37.0,39.91004710661977,StackingRegressor
49.0,38.75755265284471,StackingRegressor
42.0,39.99920560371882,StackingRegressor
43.0,42.52910493263817,StackingRegressor
44.0,42.89960943290344,StackingRegressor
47.0,45.12121344871943,StackingRegressor
45.0,47.20034741992984,StackingRegressor
50.0,40.01039201515772,StackingRegressor
44.0,42.32716616425752,StackingRegressor
42.0,41.530926180473344,StackingRegressor
39.0,42.517736292494355,StackingRegressor
36.0,38.23489194883441,StackingRegressor
42.0,44.470978756417836,StackingRegressor
37.0,39.108509579285105,StackingRegressor
44.0,44.20347414715031,StackingRegressor
39.0,38.09994457437713,StackingRegressor
37.0,39.19445901414905,StackingRegressor
40.0,43.22509647474494,StackingRegressor
43.0,38.66198548179957,StackingRegressor
43.0,43.28858514593031,StackingRegressor
41.0,42.21577823154487,StackingRegressor
38.0,39.41793435302234,StackingRegressor
49.0,44.24851810793458,StackingRegressor
44.0,42.51383601134963,StackingRegressor
37.0,41.4872602677592,StackingRegressor
38.0,40.523677756206624,StackingRegressor
41.0,39.398906292395495,StackingRegressor
37.0,38.95680141962586,StackingRegressor
42.0,43.93980004699833,StackingRegressor
46.0,43.71037788984326,StackingRegressor
39.0,40.8237765374198,StackingRegressor
43.0,43.21602547428471,StackingRegressor
35.0,38.81252896953569,StackingRegressor
39.0,39.813745649651295,StackingRegressor
44.0,46.4244346503328,StackingRegressor
37.0,39.442357205865626,StackingRegressor
46.0,45.84266879016771,StackingRegressor
52.0,50.67274090330838,StackingRegressor
42.0,42.399071248853176,StackingRegressor
36.0,40.9198743124965,StackingRegressor
41.0,44.55093384939545,StackingRegressor
36.0,37.65641861324646,StackingRegressor
32.0,37.78184694622677,StackingRegressor
36.0,37.96250999044035,StackingRegressor
35.0,36.561246672451716,StackingRegressor
37.0,39.4222259248456,StackingRegressor
40.0,41.49117340913894,StackingRegressor
38.0,36.55262942369669,StackingRegressor
50.0,52.52762923911061,StackingRegressor
42.0,38.02725875522009,StackingRegressor
45.0,37.88962305606605,StackingRegressor
49.0,49.267705466059155,StackingRegressor
37.0,39.442852103610065,StackingRegressor
41.0,43.18060227947342,StackingRegressor
36.0,39.83344584122038,StackingRegressor
40.0,39.71311396066655,StackingRegressor
43.0,42.13859098660177,StackingRegressor
47.0,43.74761117902157,StackingRegressor
47.0,40.676176488076436,StackingRegressor
40.0,39.942389570274955,StackingRegressor
48.0,45.22011225434874,StackingRegressor
34.0,37.257014646450905,StackingRegressor
58.0,38.836776203226194,StackingRegressor
32.0,37.48673504289921,StackingRegressor
36.0,38.784005502334075,StackingRegressor
46.0,48.82773739575592,StackingRegressor
50.0,44.05039126164374,StackingRegressor
35.0,37.819722733813734,StackingRegressor
39.0,40.476508274897476,StackingRegressor
39.0,37.77357916745325,StackingRegressor
57.0,38.21949823655109,StackingRegressor
35.0,38.09739771504773,StackingRegressor
37.0,37.12647903808869,StackingRegressor
41.0,42.57824068142499,StackingRegressor
43.0,38.08855760941607,StackingRegressor
41.0,43.767978650803045,StackingRegressor
42.0,45.044886747091304,StackingRegressor
40.0,39.82581004238856,StackingRegressor
33.0,36.86277524926169,StackingRegressor
46.0,43.366905215894235,StackingRegressor
39.0,45.78801511070759,StackingRegressor
51.0,44.02336062226509,StackingRegressor
41.0,42.16488635087325,StackingRegressor
42.0,41.82137991536892,StackingRegressor
36.0,37.76272802708189,StackingRegressor
45.0,48.65408790787568,StackingRegressor
42.0,39.83028712192803,StackingRegressor
43.0,37.444492508570974,StackingRegressor
42.0,43.16832750558055,StackingRegressor
42.0,43.450569173195674,StackingRegressor
38.0,40.69368275021877,StackingRegressor
35.0,38.607284061126705,StackingRegressor
45.0,45.45815293122388,StackingRegressor
40.0,41.679689388241414,StackingRegressor
37.0,42.48447247969452,StackingRegressor
36.0,36.352093219697004,StackingRegressor
41.0,41.46094497351908,StackingRegressor
44.0,50.078411707824706,StackingRegressor
38.0,40.21656967772069,StackingRegressor
47.0,40.69289902586337,StackingRegressor
39.0,43.26845924031092,StackingRegressor
40.0,42.67811225037485,StackingRegressor
35.0,38.30436908070334,StackingRegressor
42.0,42.72105300838005,StackingRegressor
40.0,40.51277466796311,StackingRegressor
42.0,42.42822716526412,StackingRegressor
44.0,40.6572245231582,StackingRegressor
50.0,42.0238630285545,StackingRegressor
42.0,41.87548228961178,StackingRegressor
46.0,43.789570638953585,StackingRegressor
40.0,42.49994653819925,StackingRegressor
37.0,39.77684168168513,StackingRegressor
43.0,43.61396324232379,StackingRegressor
38.0,38.2309279019361,StackingRegressor
57.0,44.24269117348895,StackingRegressor
36.0,39.634530250484424,StackingRegressor
48.0,43.60892978515471,StackingRegressor
51.0,44.98579039756552,StackingRegressor
31.0,33.62545601569814,StackingRegressor
37.0,39.15456374486053,StackingRegressor
44.0,42.799791788316526,StackingRegressor
41.0,43.41209627979839,StackingRegressor
46.0,43.00351749295528,StackingRegressor
33.0,37.75590569958668,StackingRegressor
51.0,37.41373733184612,StackingRegressor
44.0,46.09857833929267,StackingRegressor
44.0,42.611093690214574,StackingRegressor
38.0,38.645271574520166,StackingRegressor
45.0,40.69539687006071,StackingRegressor
45.0,44.297955172985475,StackingRegressor
50.0,38.54358669592263,StackingRegressor
40.0,45.47638959535533,StackingRegressor
39.0,39.55381031410077,StackingRegressor
50.0,49.51377021242367,StackingRegressor
44.0,41.82077690139092,StackingRegressor
46.0,41.65190881768852,StackingRegressor
56.0,47.478320072612796,StackingRegressor
42.0,44.212384815264244,StackingRegressor
50.0,48.18706712749654,StackingRegressor
35.0,39.589961546065915,StackingRegressor
36.0,37.60350651710224,StackingRegressor
47.0,42.110784298438745,StackingRegressor
38.0,39.617856097598654,StackingRegressor
36.0,38.35239964788895,StackingRegressor
49.0,40.20576901234294,StackingRegressor
39.0,36.76906441710337,StackingRegressor
36.0,39.256954871805334,StackingRegressor
38.0,43.503633249915886,StackingRegressor
39.0,37.50703524927239,StackingRegressor
37.0,37.63650425925631,StackingRegressor
42.0,41.95575545394803,StackingRegressor
38.0,41.348068667885755,StackingRegressor
54.0,44.93161294033649,StackingRegressor
46.0,48.13240578623403,StackingRegressor
39.0,41.25858668938026,StackingRegressor
39.0,40.16844249273567,StackingRegressor
42.0,39.24276140593116,StackingRegressor
45.0,45.30550777345789,StackingRegressor
44.0,42.72037801081518,StackingRegressor
36.0,39.03643616414257,StackingRegressor
39.0,40.023671811718025,StackingRegressor
44.0,47.87106144422624,StackingRegressor
33.0,38.02258711795781,StackingRegressor
38.0,40.882383930851226,StackingRegressor
46.0,47.8652419592922,StackingRegressor
40.0,41.22499230702135,StackingRegressor
44.0,42.31091633082677,StackingRegressor
45.0,36.071700332449026,StackingRegressor
41.0,40.95054746942239,StackingRegressor
45.0,43.14467906964131,StackingRegressor
40.0,41.748465011554956,StackingRegressor
50.0,47.764222891816516,StackingRegressor
39.0,42.06295109982848,StackingRegressor
45.0,42.80526875966473,StackingRegressor
46.0,44.01309281111013,StackingRegressor
41.0,45.59715517531119,StackingRegressor
42.0,45.549389751050015,StackingRegressor
38.0,38.02830092817885,StackingRegressor
46.0,46.93728945797447,StackingRegressor
50.0,42.40422907775625,StackingRegressor
46.0,43.019794330941565,StackingRegressor
58.0,52.30313333339481,StackingRegressor
35.0,38.08049777360982,StackingRegressor
41.0,40.467252643480045,StackingRegressor
38.0,40.43528990417577,StackingRegressor
40.0,41.02530498641973,StackingRegressor
43.0,45.46375649088604,StackingRegressor
38.0,41.12646598316422,StackingRegressor
36.0,36.02941304834956,StackingRegressor
39.0,40.75954917380588,StackingRegressor
42.0,43.24002931942602,StackingRegressor
40.0,41.53288414512336,StackingRegressor
53.0,47.04070485316375,StackingRegressor
38.0,38.43405482232309,StackingRegressor
41.0,42.76951269420744,StackingRegressor
36.0,37.1536415752097,StackingRegressor
43.0,43.21139120765967,StackingRegressor
45.0,42.45918751256131,StackingRegressor
34.0,38.54128407276412,StackingRegressor
40.0,41.927841517691135,StackingRegressor
41.0,41.98685585946453,StackingRegressor
35.0,37.60534619490885,StackingRegressor
38.0,38.23878671624683,StackingRegressor
40.0,42.776454819782295,StackingRegressor
37.0,39.74208735314304,StackingRegressor
46.0,41.485727290459565,StackingRegressor
40.0,41.30545557986492,StackingRegressor
33.0,37.91456913310364,StackingRegressor
49.0,45.59578453622373,StackingRegressor
40.0,39.57548343333916,StackingRegressor
38.0,38.66704047761547,StackingRegressor
4.0,47.504054687128,StackingRegressor
44.0,44.333203847991875,StackingRegressor
41.0,44.68385577772435,StackingRegressor
40.0,39.22837789444466,StackingRegressor
36.0,38.07968953380758,StackingRegressor
42.0,44.58660655861204,StackingRegressor
36.0,38.42573895153299,StackingRegressor
37.0,37.02201511546099,StackingRegressor
40.0,41.47196110866087,StackingRegressor
36.0,40.06553151028919,StackingRegressor
40.0,42.59522513889625,StackingRegressor
36.0,39.375905175285205,StackingRegressor
39.0,41.21590901758549,StackingRegressor
38.0,39.21856288931181,StackingRegressor
43.0,44.60112835512723,StackingRegressor
46.0,40.850780420437005,StackingRegressor
45.0,43.04048652164295,StackingRegressor
37.0,39.17336811886539,StackingRegressor
38.0,38.09698776351296,StackingRegressor
44.0,44.509495245996845,StackingRegressor
40.0,47.459300883024056,StackingRegressor
47.0,42.762289815736715,StackingRegressor
41.0,43.28149896125344,StackingRegressor
42.0,41.65548399532811,StackingRegressor
55.0,49.39004180681668,StackingRegressor
54.0,46.29682988079071,StackingRegressor
32.0,36.277871288215216,StackingRegressor
45.0,46.35539367162026,StackingRegressor
48.0,42.24686960156102,StackingRegressor
42.0,41.36716242950265,StackingRegressor
42.0,42.62302538009115,StackingRegressor
41.0,40.33385168137232,StackingRegressor
46.0,45.80707967729115,StackingRegressor
50.0,43.70308936802255,StackingRegressor
43.0,42.08799423574506,StackingRegressor
48.0,43.47759741153457,StackingRegressor
40.0,43.08202830946916,StackingRegressor
38.0,40.00377849921493,StackingRegressor
46.0,45.84374659170562,StackingRegressor
38.0,37.475493556867484,StackingRegressor
35.0,37.13635054731559,StackingRegressor
38.0,40.75542134254784,StackingRegressor
34.0,35.45137594861018,StackingRegressor
39.0,42.26070291358481,StackingRegressor
55.0,44.125306637020145,StackingRegressor
36.0,38.14470596833513,StackingRegressor
55.0,44.13998480421266,StackingRegressor
38.0,41.73230074009629,StackingRegressor
42.0,44.67491992748987,StackingRegressor
47.0,42.99297172212266,StackingRegressor
53.0,37.797771436822245,StackingRegressor
34.0,36.99877817257474,StackingRegressor
44.0,41.826786204023946,StackingRegressor
38.0,43.44840213176438,StackingRegressor
48.0,43.320009425925065,StackingRegressor
31.0,38.803958701814935,StackingRegressor
38.0,41.568426788950596,StackingRegressor
43.0,39.74057077109608,StackingRegressor
37.0,40.383096568431185,StackingRegressor
39.0,39.27596254241722,StackingRegressor
34.0,39.55181843203344,StackingRegressor
47.0,41.348629939169825,StackingRegressor
56.0,48.20155604643958,StackingRegressor
37.0,39.249320226709834,StackingRegressor
43.0,40.74458843947557,StackingRegressor
47.0,40.26446523817969,StackingRegressor
44.0,45.833107526483225,StackingRegressor
48.0,50.58350097644795,StackingRegressor
35.0,40.17132282172112,StackingRegressor
46.0,40.59757399144298,StackingRegressor
43.0,40.725057686379415,StackingRegressor
34.0,36.690555762477445,StackingRegressor
40.0,41.936385426144966,StackingRegressor
43.0,41.24565819523383,StackingRegressor
46.0,36.277112491896474,StackingRegressor
38.0,42.115358368960386,StackingRegressor
48.0,42.23666254859217,StackingRegressor
39.0,38.835977051670596,StackingRegressor
44.0,46.321430956037304,StackingRegressor
45.0,46.38187764453144,StackingRegressor
42.0,45.08092257990404,StackingRegressor
37.0,39.89291974991185,StackingRegressor
37.0,36.75520374394103,StackingRegressor
42.0,44.468886655336384,StackingRegressor
36.0,37.75864791507326,StackingRegressor
43.0,45.63834795289337,StackingRegressor
37.0,39.33778072010489,StackingRegressor
39.0,41.17856826174594,StackingRegressor
41.0,39.31139365821787,StackingRegressor
34.0,36.92336587267599,StackingRegressor
43.0,43.63705965020242,StackingRegressor
46.0,45.98650601789955,StackingRegressor
41.0,42.36509815577254,StackingRegressor
38.0,40.00727913358289,StackingRegressor
37.0,38.74986376417992,StackingRegressor
50.0,35.04710705623547,StackingRegressor
48.0,44.5825950307934,StackingRegressor
49.0,40.39433525956247,StackingRegressor
38.0,39.80901435417936,StackingRegressor
52.0,40.722705813328886,StackingRegressor
38.0,40.756568817699915,StackingRegressor
47.0,46.31112155502917,StackingRegressor
40.0,40.65601844824357,StackingRegressor
42.0,37.637667839172245,StackingRegressor
43.0,40.28822364535248,StackingRegressor
43.0,47.95942825873598,StackingRegressor
34.0,35.98487069647929,StackingRegressor
37.0,38.55263196692988,StackingRegressor
45.0,43.05812667815411,StackingRegressor
44.0,38.04817562040395,StackingRegressor
34.0,36.969301973661494,StackingRegressor
42.0,41.12416818942726,StackingRegressor
41.0,42.900295268138194,StackingRegressor
38.0,40.743899660222056,StackingRegressor
35.0,36.510824877116036,StackingRegressor
37.0,40.07254353964001,StackingRegressor
46.0,42.81839005783172,StackingRegressor
55.0,41.6650082118106,StackingRegressor
41.0,40.37180967109324,StackingRegressor
49.0,47.57254058641834,StackingRegressor
36.0,38.2740720152278,StackingRegressor
48.0,41.83138909309777,StackingRegressor
41.0,43.15303787658308,StackingRegressor
51.0,41.95511552837861,StackingRegressor
42.0,37.435404789562966,StackingRegressor
40.0,43.88596661041177,StackingRegressor
47.0,44.650466289151424,StackingRegressor
44.0,40.04045962179361,StackingRegressor
40.0,41.155171507121956,StackingRegressor
36.0,41.25124605745183,StackingRegressor
36.0,43.33517841342069,StackingRegressor
45.0,42.6795742611782,StackingRegressor
38.0,41.08742673421689,StackingRegressor
37.0,38.68658992382641,StackingRegressor
37.0,39.394530209985504,StackingRegressor
48.0,49.683670227034284,StackingRegressor
41.0,42.44445362449393,StackingRegressor
46.0,39.73941206107888,StackingRegressor
48.0,49.4853063296789,StackingRegressor
38.0,39.84296222625232,StackingRegressor
39.0,42.03495853840731,StackingRegressor
43.0,45.13207115783533,StackingRegressor
42.0,41.455644901650174,StackingRegressor
45.0,45.851538573628474,StackingRegressor
43.0,43.73157358869108,StackingRegressor
36.0,38.5677070776908,StackingRegressor
36.0,41.69563493762093,StackingRegressor
39.0,42.74816596027486,StackingRegressor
33.0,37.27574156411205,StackingRegressor
37.0,44.34446287172308,StackingRegressor
42.0,43.05283235163381,StackingRegressor
41.0,44.1786917374452,StackingRegressor
37.0,39.31170218732963,StackingRegressor
45.0,39.95022483110496,StackingRegressor
38.0,41.818489537338095,StackingRegressor
37.0,41.30390582889919,StackingRegressor
40.0,38.68060206077355,StackingRegressor
34.0,39.62937157120243,StackingRegressor
42.0,39.66040045249633,StackingRegressor
40.0,40.929627610524875,StackingRegressor
41.0,42.88846546691625,StackingRegressor
34.0,35.41956351286323,StackingRegressor
39.0,37.65879078678452,StackingRegressor
41.0,42.678215979290805,StackingRegressor
60.0,50.78374958748984,StackingRegressor
41.0,44.72854665952274,StackingRegressor
57.0,44.17801896676792,StackingRegressor
48.0,50.0155867972168,StackingRegressor
36.0,37.49803123023321,StackingRegressor
38.0,42.044238678174224,StackingRegressor
39.0,41.20932998261615,StackingRegressor
37.0,39.40361308629902,StackingRegressor
40.0,39.604928379700695,StackingRegressor
39.0,38.788608322123665,StackingRegressor
43.0,42.22583136231761,StackingRegressor
40.0,44.990219212732725,StackingRegressor
37.0,37.67833239202136,StackingRegressor
43.0,39.22631114146232,StackingRegressor
36.0,40.099376162672144,StackingRegressor
36.0,38.87171153171708,StackingRegressor
45.0,42.28290535423007,StackingRegressor
41.0,42.177455033427606,StackingRegressor
44.0,42.03589119042859,StackingRegressor
39.0,38.93666796297606,StackingRegressor
36.0,37.45690737526931,StackingRegressor
40.0,36.3069457003764,StackingRegressor
40.0,44.507211497051564,StackingRegressor
35.0,36.762582518137336,StackingRegressor
37.0,40.9158678548226,StackingRegressor
41.0,40.92449726776465,StackingRegressor
47.0,39.06117534381587,StackingRegressor
36.0,36.770527358834606,StackingRegressor
41.0,43.07410946964221,StackingRegressor
38.0,40.83302276654397,StackingRegressor
44.0,41.69232275634356,StackingRegressor
42.0,42.48100094586354,StackingRegressor
42.0,43.235725067525905,StackingRegressor
36.0,40.30941553624035,StackingRegressor
42.0,44.383725780327794,StackingRegressor
46.0,46.97830111565775,StackingRegressor
39.0,39.7353884659301,StackingRegressor
41.0,41.79735445599157,StackingRegressor
46.0,46.281327146228676,StackingRegressor
40.0,44.734001393987675,StackingRegressor
37.0,42.404028566279706,StackingRegressor
37.0,39.78380583769503,StackingRegressor
43.0,38.967874827040994,StackingRegressor
35.0,40.60634896820892,StackingRegressor
38.0,41.00327235468404,StackingRegressor
39.0,37.75261213844014,StackingRegressor
36.0,40.284528461323944,StackingRegressor
52.0,57.321160187844086,StackingRegressor
39.0,41.38083718338493,StackingRegressor
39.0,42.5487804355704,StackingRegressor
44.0,44.66452196318602,StackingRegressor
39.0,39.17472291962079,StackingRegressor
40.0,42.64499356002493,StackingRegressor
37.0,36.74245226201832,StackingRegressor
42.0,40.496956537209456,StackingRegressor
39.0,38.83423857539028,StackingRegressor
36.0,37.239384214618894,StackingRegressor
41.0,46.997655599856046,StackingRegressor
43.0,36.87906363996126,StackingRegressor
37.0,41.60653961653058,StackingRegressor
39.0,40.373147693581146,StackingRegressor
41.0,39.842986533372496,StackingRegressor
39.0,41.202651987018896,StackingRegressor
43.0,40.41488504748636,StackingRegressor
42.0,39.57994653305272,StackingRegressor
50.0,41.11249487619316,StackingRegressor
45.0,39.87085805857326,StackingRegressor
46.0,39.67582991114277,StackingRegressor
46.0,43.02347388508096,StackingRegressor
43.0,37.907476415294674,StackingRegressor
43.0,43.33164635490377,StackingRegressor
39.0,42.824310126735824,StackingRegressor
36.0,37.217408377282936,StackingRegressor
31.0,36.0101309156632,StackingRegressor
51.0,47.661406107017584,StackingRegressor
41.0,37.71190874367002,StackingRegressor
50.0,42.02170015198646,StackingRegressor
38.0,38.9659771047651,StackingRegressor
45.0,44.18410678895789,StackingRegressor
37.0,40.1267348619632,StackingRegressor
43.0,45.21957914285282,StackingRegressor
58.0,40.13475585715196,StackingRegressor
44.0,39.927749962440664,StackingRegressor
43.0,45.83385198625314,StackingRegressor
43.0,41.89535595087027,StackingRegressor
39.0,42.359338129725685,StackingRegressor
37.0,39.33072744176241,StackingRegressor
41.0,42.25446612035573,StackingRegressor
56.0,41.932816564350745,StackingRegressor
36.0,35.40143538943755,StackingRegressor
42.0,41.8261586625902,StackingRegressor
38.0,39.91346050480875,StackingRegressor
46.0,47.2213159433992,StackingRegressor
41.0,41.85113012509152,StackingRegressor
40.0,42.98660574587605,StackingRegressor
38.0,39.20805238946207,StackingRegressor
39.0,39.436191116979074,StackingRegressor
46.0,46.93268574400193,StackingRegressor
40.0,40.90620281510267,StackingRegressor
46.0,44.18526807962061,StackingRegressor
44.0,43.51267592769252,StackingRegressor
41.0,43.61880566966198,StackingRegressor
37.0,38.506322899210105,StackingRegressor
41.0,41.70622533067487,StackingRegressor
35.0,37.300940024060615,StackingRegressor
38.0,41.60259429609353,StackingRegressor
45.0,42.542914762022605,StackingRegressor
48.0,41.88856623835173,StackingRegressor
39.0,38.94337818599536,StackingRegressor
37.0,36.340977254337126,StackingRegressor
37.0,39.10246281553342,StackingRegressor
43.0,45.69760387854423,StackingRegressor
34.0,39.267963615293844,StackingRegressor
39.0,42.57241422890952,StackingRegressor
37.0,41.63657591696165,StackingRegressor
40.0,41.267110081663,StackingRegressor
35.0,35.68735627141222,StackingRegressor
38.0,38.777527546078595,StackingRegressor
55.0,36.56046396141298,StackingRegressor
38.0,44.10709104853287,StackingRegressor
60.0,42.92909142362152,StackingRegressor
38.0,38.58964614227679,StackingRegressor
34.0,37.348124438036066,StackingRegressor
45.0,45.47030162699856,StackingRegressor
35.0,36.83873001043601,StackingRegressor
47.0,43.67938847006196,StackingRegressor
38.0,36.14515856507367,StackingRegressor
45.0,39.666386138822816,StackingRegressor
48.0,44.099866140267665,StackingRegressor
38.0,39.350316147911386,StackingRegressor
37.0,39.91624200290208,StackingRegressor
38.0,39.45906016137639,StackingRegressor
42.0,41.5935256271307,StackingRegressor
39.0,40.36899363038093,StackingRegressor
41.0,44.58845172196315,StackingRegressor
33.0,36.37883265096055,StackingRegressor
39.0,41.601895430327374,StackingRegressor
48.0,44.963847197973465,StackingRegressor
43.0,44.919693151094535,StackingRegressor
42.0,40.68385054266645,StackingRegressor
36.0,37.76234892634015,StackingRegressor
38.0,37.74206637046923,StackingRegressor
46.0,44.07776976480087,StackingRegressor
46.0,48.024198367936854,StackingRegressor
44.0,42.4856041059822,StackingRegressor
38.0,40.48096242936974,StackingRegressor
40.0,40.124880053394605,StackingRegressor
59.0,42.68691032327789,StackingRegressor
50.0,40.38291210975669,StackingRegressor
45.0,39.0933843052221,StackingRegressor
37.0,40.03130776288851,StackingRegressor
45.0,41.120900711940166,StackingRegressor
37.0,40.60402043713905,StackingRegressor
39.0,41.770029085353286,StackingRegressor
47.0,48.21244159740408,StackingRegressor
44.0,46.84301937074428,StackingRegressor
39.0,37.959265105796874,StackingRegressor
37.0,38.0088222329738,StackingRegressor
39.0,39.239474756043016,StackingRegressor
39.0,41.215920190111106,StackingRegressor
36.0,38.37030342933623,StackingRegressor
43.0,37.471724871612935,StackingRegressor
46.0,37.475556940728225,StackingRegressor
39.0,39.52348542172117,StackingRegressor
44.0,43.88450988304052,StackingRegressor
35.0,37.07716063026724,StackingRegressor
43.0,45.16066513819122,StackingRegressor
41.0,41.80126287659028,StackingRegressor
47.0,44.488771038856456,StackingRegressor
44.0,41.29496722460877,StackingRegressor
46.0,49.00338567606902,StackingRegressor
44.0,38.33884124406843,StackingRegressor
44.0,42.10682290491906,StackingRegressor
37.0,37.39061003784324,StackingRegressor
37.0,35.765751137708314,StackingRegressor
35.0,38.50241154174522,StackingRegressor
43.0,39.71402041218946,StackingRegressor
38.0,37.438602991492466,StackingRegressor
44.0,45.715429214498776,StackingRegressor
45.0,44.08573853315232,StackingRegressor
42.0,46.90303098744164,StackingRegressor
49.0,39.30567512074216,StackingRegressor
42.0,43.00479117925353,StackingRegressor
44.0,44.35647553343706,StackingRegressor
37.0,43.00018904392175,StackingRegressor
35.0,36.425054416894056,StackingRegressor
43.0,39.19734365027565,StackingRegressor
41.0,43.005136302359425,StackingRegressor
32.0,36.87386679866964,StackingRegressor
45.0,42.41121460767559,StackingRegressor
42.0,44.61948974138585,StackingRegressor
39.0,38.892627248908695,StackingRegressor
41.0,43.51836919981655,StackingRegressor
40.0,43.251169759145405,StackingRegressor
43.0,47.79147249789826,StackingRegressor
44.0,45.01575362430623,StackingRegressor
38.0,38.482668170791925,StackingRegressor
33.0,37.151568579141355,StackingRegressor
33.0,35.4608166085671,StackingRegressor
36.0,40.07234124356628,StackingRegressor
43.0,48.27244356743147,StackingRegressor
47.0,45.84999480538025,StackingRegressor
53.0,42.83917811526317,StackingRegressor
38.0,43.45013673056331,StackingRegressor
44.0,47.403455986550156,StackingRegressor
44.0,40.87649320127855,StackingRegressor
37.0,38.113655743802916,StackingRegressor
47.0,44.01665720286683,StackingRegressor
40.0,36.77949020464746,StackingRegressor
39.0,42.40196658943191,StackingRegressor
35.0,39.183839439496666,StackingRegressor
47.0,46.24302889437358,StackingRegressor
39.0,41.19804613398098,StackingRegressor
39.0,41.08050451048473,StackingRegressor
45.0,48.90770396977602,StackingRegressor
40.0,41.49813149075533,StackingRegressor
45.0,44.331826715237185,StackingRegressor
43.0,36.24911996991927,StackingRegressor
43.0,42.455447085536825,StackingRegressor
52.0,43.684393060858206,StackingRegressor
42.0,43.045294303501834,StackingRegressor
40.0,38.05642338299509,StackingRegressor
36.0,38.24338183696649,StackingRegressor
46.0,46.02376041203317,StackingRegressor
37.0,38.71329261565243,StackingRegressor
43.0,41.250402708744275,StackingRegressor
43.0,45.08452193210033,StackingRegressor
42.0,43.7629954415723,StackingRegressor
36.0,35.661363441474364,StackingRegressor
41.0,46.221393136340666,StackingRegressor
44.0,45.338788163165724,StackingRegressor
39.0,40.70368076920323,StackingRegressor
34.0,37.15704434930455,StackingRegressor
46.0,43.72447870275151,StackingRegressor
37.0,38.290827965427894,StackingRegressor
52.0,44.15846447584646,StackingRegressor
41.0,39.73780514907827,StackingRegressor
38.0,37.57317885988114,StackingRegressor
37.0,38.91548117945008,StackingRegressor
37.0,38.60853786083334,StackingRegressor
58.0,51.1672169468751,StackingRegressor
36.0,38.02168365125194,StackingRegressor
41.0,39.93936897567231,StackingRegressor
38.0,39.888555706535996,StackingRegressor
40.0,39.646277846893,StackingRegressor
40.0,45.14698808400588,StackingRegressor
40.0,41.83263420320564,StackingRegressor
36.0,37.015846546005335,StackingRegressor
40.0,40.50902300029644,StackingRegressor
38.0,42.56063405584114,StackingRegressor
43.0,45.73994627037995,StackingRegressor
36.0,36.69835409251714,StackingRegressor
46.0,45.88988404238606,StackingRegressor
41.0,42.52483996333928,StackingRegressor
37.0,40.39119166643291,StackingRegressor
46.0,40.57204689114694,StackingRegressor
36.0,38.38039974473459,StackingRegressor
42.0,46.311601878667325,StackingRegressor
53.0,41.06775543943595,StackingRegressor
44.0,45.35574717787914,StackingRegressor
43.0,42.56054613624261,StackingRegressor
40.0,39.09410002293566,StackingRegressor
34.0,36.495718907370865,StackingRegressor
39.0,38.24270046496649,StackingRegressor
35.0,36.44508601412603,StackingRegressor
36.0,36.920147648939874,StackingRegressor
42.0,44.02461731860623,StackingRegressor
37.0,38.1357609895213,StackingRegressor
38.0,40.110547254471705,StackingRegressor
44.0,44.986944223115835,StackingRegressor
38.0,39.852636115553466,StackingRegressor
37.0,40.314228175005674,StackingRegressor
40.0,39.02631545098609,StackingRegressor
9.0,41.188347481072086,StackingRegressor
44.0,38.98216134247973,StackingRegressor
39.0,41.08780530650073,StackingRegressor
35.0,37.8122553870699,StackingRegressor
41.0,41.73515415736345,StackingRegressor
43.0,44.26868093687453,StackingRegressor
50.0,45.492440294923675,StackingRegressor
38.0,40.463484528484656,StackingRegressor
48.0,45.2728751736528,StackingRegressor
39.0,38.964130476685106,StackingRegressor
44.0,42.76004664702565,StackingRegressor
36.0,38.572290159495566,StackingRegressor
39.0,40.583974409409535,StackingRegressor
38.0,40.10029485290657,StackingRegressor
46.0,40.37172850946028,StackingRegressor
47.0,43.03283404507757,StackingRegressor
41.0,38.077247134053465,StackingRegressor
37.0,38.19585084590437,StackingRegressor
36.0,38.22818687244593,StackingRegressor
51.0,41.836960408846245,StackingRegressor
40.0,39.408166426113894,StackingRegressor
44.0,46.5873595917687,StackingRegressor
37.0,39.870458399923876,StackingRegressor
33.0,37.33245636029956,StackingRegressor
37.0,38.963715763641154,StackingRegressor
43.0,39.51289092562291,StackingRegressor
39.0,41.558481230316524,StackingRegressor
45.0,41.5841729726952,StackingRegressor
36.0,47.90760056161456,StackingRegressor
42.0,40.33687314107639,StackingRegressor
43.0,37.89281112291814,StackingRegressor
36.0,36.556401738414806,StackingRegressor
40.0,42.182774126353095,StackingRegressor
50.0,42.83116124118875,StackingRegressor
35.0,38.60623430098306,StackingRegressor
42.0,41.465294675623156,StackingRegressor
38.0,39.29515084288215,StackingRegressor
45.0,35.92779294870743,StackingRegressor
37.0,41.39841752164218,StackingRegressor
44.0,45.11162993288466,StackingRegressor
49.0,47.2242343954249,StackingRegressor
38.0,40.28738407018782,StackingRegressor
58.0,52.26362980193501,StackingRegressor
38.0,37.84108314794477,StackingRegressor
40.0,41.87064781891651,StackingRegressor
36.0,38.53027528905369,StackingRegressor
42.0,39.87204128856489,StackingRegressor
35.0,38.236139794544414,StackingRegressor
45.0,36.73612118555354,StackingRegressor
37.0,39.92571200074698,StackingRegressor
41.0,43.28628373459113,StackingRegressor
48.0,40.11896317607248,StackingRegressor
39.0,39.37674451947116,StackingRegressor
37.0,36.9302537566594,StackingRegressor
51.0,40.40460031389043,StackingRegressor
38.0,38.16247590544751,StackingRegressor
36.0,38.53492726651335,StackingRegressor
44.0,45.886106855160335,StackingRegressor
39.0,41.816608287391674,StackingRegressor
51.0,48.737957600970596,StackingRegressor
42.0,41.566456546945226,StackingRegressor
37.0,42.35067773891915,StackingRegressor
45.0,44.15910061554615,StackingRegressor
41.0,41.54032566482546,StackingRegressor
36.0,37.82558776820042,StackingRegressor
33.0,36.38275735682954,StackingRegressor
43.0,44.742540372651106,StackingRegressor
44.0,42.10909035071961,StackingRegressor
39.0,39.17447082616656,StackingRegressor
39.0,36.47120213373813,StackingRegressor
44.0,37.5959163890876,StackingRegressor
45.0,45.41835001137301,StackingRegressor
37.0,37.9593040985513,StackingRegressor
43.0,41.65845539847172,StackingRegressor
33.0,36.96606768925888,StackingRegressor
40.0,44.69907312894012,StackingRegressor
44.0,46.77286299911357,StackingRegressor
49.0,44.406342320142755,StackingRegressor
45.0,43.83055614247625,StackingRegressor
33.0,36.378988376507195,StackingRegressor
45.0,46.4196051252852,StackingRegressor
38.0,41.48383553134039,StackingRegressor
43.0,38.2061093564762,StackingRegressor
52.0,43.27884219797531,StackingRegressor
35.0,37.28851649320393,StackingRegressor
51.0,47.60148446649623,StackingRegressor
45.0,46.279227197795024,StackingRegressor
60.0,44.35049185851006,StackingRegressor
39.0,39.2560969275738,StackingRegressor
50.0,45.761008513657636,StackingRegressor
56.0,51.02028034695775,StackingRegressor
41.0,39.58329377175987,StackingRegressor
41.0,43.01092634941186,StackingRegressor
44.0,42.5182116808208,StackingRegressor
37.0,41.83946484287607,StackingRegressor
44.0,38.53658620631022,StackingRegressor
37.0,41.932638754335315,StackingRegressor
39.0,40.76842443480825,StackingRegressor
40.0,41.36015238459568,StackingRegressor
42.0,41.556850527500124,StackingRegressor
37.0,36.80764755191936,StackingRegressor
43.0,46.118450652205055,StackingRegressor
35.0,37.197500932354615,StackingRegressor
38.0,39.42241071701701,StackingRegressor
47.0,47.19504083464553,StackingRegressor
41.0,41.01207629396314,StackingRegressor
46.0,45.63814787532608,StackingRegressor
44.0,46.330286545385334,StackingRegressor
44.0,45.57575695534351,StackingRegressor
47.0,45.59498289217683,StackingRegressor
45.0,45.52264162937121,StackingRegressor
39.0,40.176776834735335,StackingRegressor
50.0,50.59156994620618,StackingRegressor
39.0,42.9781333520235,StackingRegressor
38.0,38.06597926768626,StackingRegressor
43.0,44.39188926580141,StackingRegressor
43.0,34.37601740883974,StackingRegressor
44.0,45.28134955018526,StackingRegressor
37.0,37.41170985127215,StackingRegressor
50.0,42.185184428023796,StackingRegressor
47.0,45.69388176559255,StackingRegressor
40.0,43.212605460493535,StackingRegressor
37.0,40.555395362655894,StackingRegressor
42.0,40.71488949231427,StackingRegressor
50.0,39.23717156731153,StackingRegressor
39.0,46.03488327088247,StackingRegressor
39.0,40.73662176122809,StackingRegressor
48.0,40.08603135608591,StackingRegressor
39.0,38.76277824295442,StackingRegressor
43.0,43.9808681602498,StackingRegressor
45.0,44.236891749287224,StackingRegressor
38.0,40.274489115842705,StackingRegressor
45.0,40.979944054233265,StackingRegressor
37.0,41.313347108179755,StackingRegressor
46.0,42.836887096847605,StackingRegressor
40.0,40.50766885717851,StackingRegressor
37.0,40.86649657000441,StackingRegressor
45.0,43.09874988773651,StackingRegressor
35.0,37.405323416481636,StackingRegressor
39.0,39.85989338595374,StackingRegressor
30.0,36.23219004466444,StackingRegressor
39.0,43.471427385519796,StackingRegressor
39.0,41.05617674526988,StackingRegressor
39.0,40.19328171245769,StackingRegressor
40.0,42.15359325898588,StackingRegressor
39.0,39.961129178727916,StackingRegressor
38.0,35.17679299094145,StackingRegressor
33.0,36.95463280731544,StackingRegressor
38.0,43.92722144537875,StackingRegressor
60.0,40.85228306582136,StackingRegressor
40.0,40.67964075396194,StackingRegressor
40.0,42.67076233793968,StackingRegressor
47.0,44.257232137709344,StackingRegressor
50.0,54.399640068534,StackingRegressor
45.0,43.00063260313446,StackingRegressor
42.0,39.9429531157598,StackingRegressor
35.0,39.304241738971655,StackingRegressor
42.0,42.69570593876397,StackingRegressor
42.0,41.34773596868023,StackingRegressor
41.0,44.88659250553293,StackingRegressor
39.0,40.78569698574478,StackingRegressor
45.0,42.88865216082641,StackingRegressor
35.0,37.71158056136558,StackingRegressor
33.0,37.77751315340781,StackingRegressor
39.0,43.31974966315154,StackingRegressor
34.0,36.34760889876566,StackingRegressor
43.0,43.33807282632952,StackingRegressor
35.0,36.16703255915826,StackingRegressor
41.0,40.863352033861915,StackingRegressor
42.0,42.51712438004688,StackingRegressor
37.0,40.27321774279423,StackingRegressor
44.0,45.01718645895431,StackingRegressor
33.0,37.01884741996478,StackingRegressor
50.0,44.42749903315804,StackingRegressor
57.0,40.82405539125473,StackingRegressor
36.0,37.96776081487598,StackingRegressor
39.0,40.79915545470996,StackingRegressor
42.0,44.290719140876504,StackingRegressor
48.0,42.28403321666698,StackingRegressor
41.0,41.91588292108537,StackingRegressor
46.0,39.198273882294004,StackingRegressor
43.0,41.875914321011614,StackingRegressor
45.0,44.812196352499114,StackingRegressor
40.0,40.97019109731188,StackingRegressor
35.0,37.87831263606049,StackingRegressor
39.0,41.438631197122945,StackingRegressor
44.0,44.99752962181857,StackingRegressor
39.0,40.93502011321215,StackingRegressor
34.0,38.911249897209046,StackingRegressor
42.0,45.531436330078115,StackingRegressor
40.0,37.929351542837765,StackingRegressor
48.0,39.43673435709998,StackingRegressor
40.0,44.43961127008669,StackingRegressor
58.0,40.920523814630556,StackingRegressor
47.0,44.83705712992397,StackingRegressor
43.0,40.198329179018884,StackingRegressor
44.0,44.75403538023761,StackingRegressor
39.0,39.815537694763535,StackingRegressor
33.0,35.80879640900852,StackingRegressor
31.0,35.395926782300975,StackingRegressor
39.0,43.13618583450277,StackingRegressor
49.0,43.986861687989844,StackingRegressor
50.0,45.41909909097102,StackingRegressor
41.0,40.804607352305275,StackingRegressor
42.0,44.32889473258474,StackingRegressor
40.0,40.5514654116257,StackingRegressor
44.0,47.21255247260187,StackingRegressor
37.0,39.21095352065052,StackingRegressor
43.0,44.042092860514444,StackingRegressor
40.0,36.280822711919285,StackingRegressor
33.0,35.60194367308845,StackingRegressor
42.0,38.58250720718792,StackingRegressor
41.0,44.021547067372566,StackingRegressor
38.0,40.523109669589005,StackingRegressor
46.0,47.378228481822305,StackingRegressor
36.0,37.056874391505204,StackingRegressor
39.0,41.517570050008814,StackingRegressor
41.0,42.20890178330358,StackingRegressor
48.0,40.021553839397185,StackingRegressor
45.0,44.599550259007906,StackingRegressor
38.0,42.54090499406219,StackingRegressor
45.0,43.30450099196708,StackingRegressor
37.0,40.53400334324737,StackingRegressor
38.0,37.451492230898246,StackingRegressor
50.0,49.63404709667078,StackingRegressor
36.0,37.322173238799905,StackingRegressor
53.0,46.02411914534498,StackingRegressor
46.0,40.24617804894808,StackingRegressor
38.0,39.16238589892522,StackingRegressor
42.0,40.1730189697292,StackingRegressor
47.0,40.51518401500714,StackingRegressor
39.0,42.21150382592367,StackingRegressor
37.0,39.031084834615335,StackingRegressor
33.0,37.883161282204085,StackingRegressor
38.0,43.50358813484891,StackingRegressor
36.0,39.835791613888475,StackingRegressor
39.0,44.106549369492434,StackingRegressor
37.0,40.0677017516844,StackingRegressor
40.0,42.520760582421126,StackingRegressor
36.0,39.151702899178915,StackingRegressor
34.0,36.18175543527451,StackingRegressor
50.0,46.2585594120057,StackingRegressor
33.0,37.48936946279399,StackingRegressor
41.0,41.24983119009576,StackingRegressor
39.0,38.13544783593099,StackingRegressor
43.0,46.646714296683385,StackingRegressor
43.0,40.74078524971274,StackingRegressor
37.0,38.870366433139594,StackingRegressor
35.0,38.2595341045826,StackingRegressor
46.0,45.90013889120931,StackingRegressor
39.0,37.10798793505574,StackingRegressor
45.0,44.80273188055327,StackingRegressor
37.0,40.32879619919895,StackingRegressor
39.0,38.01390868342594,StackingRegressor
41.0,42.80742671230863,StackingRegressor
37.0,38.75892798509853,StackingRegressor
39.0,38.25878004248349,StackingRegressor
39.0,38.61798803151284,StackingRegressor
45.0,40.77640101008469,StackingRegressor
41.0,42.67136846976699,StackingRegressor
44.0,42.12273565009396,StackingRegressor
40.0,42.487997489510036,StackingRegressor
40.0,41.06605378400175,StackingRegressor
34.0,38.208305635261326,StackingRegressor
33.0,36.027390537363736,StackingRegressor
33.0,35.32812174881305,StackingRegressor
36.0,40.162564882760854,StackingRegressor
34.0,36.754733434400485,StackingRegressor
43.0,44.80748614992072,StackingRegressor
45.0,48.41663323310864,StackingRegressor
45.0,44.950252113923334,StackingRegressor
34.0,36.840638540229676,StackingRegressor
41.0,42.99079815482196,StackingRegressor
33.0,37.5304353792235,StackingRegressor
50.0,43.415261557161635,StackingRegressor
45.0,43.12122324834902,StackingRegressor
42.0,43.778482912720435,StackingRegressor
55.0,44.81559290986597,StackingRegressor
45.0,45.66203690213527,StackingRegressor
41.0,38.96346538252665,StackingRegressor
42.0,38.97825115525166,StackingRegressor
39.0,40.38391844525694,StackingRegressor
39.0,39.23613938194775,StackingRegressor
44.0,37.81998200111827,StackingRegressor
45.0,40.6559691939127,StackingRegressor
43.0,46.67469722949143,StackingRegressor
41.0,44.0770819536556,StackingRegressor
36.0,39.066965694185484,StackingRegressor
48.0,43.57213414955439,StackingRegressor
45.0,48.41413619898533,StackingRegressor
43.0,36.41619349359942,StackingRegressor
35.0,39.088140246649814,StackingRegressor
40.0,42.05630227617765,StackingRegressor
42.0,44.365129841636936,StackingRegressor
35.0,39.86499020543292,StackingRegressor
43.0,40.94408158833215,StackingRegressor
35.0,36.790967888143015,StackingRegressor
45.0,36.56084134241594,StackingRegressor
46.0,45.104520265807196,StackingRegressor
42.0,40.70533546115605,StackingRegressor
39.0,41.466852716289964,StackingRegressor
39.0,44.34346036346675,StackingRegressor
37.0,38.512601167564405,StackingRegressor
47.0,41.096087039254755,StackingRegressor
34.0,38.440004100263245,StackingRegressor
53.0,51.071787662806194,StackingRegressor
57.0,36.28291006809363,StackingRegressor
43.0,47.59814977887777,StackingRegressor
36.0,37.21405601594759,StackingRegressor
41.0,40.453153855759936,StackingRegressor
48.0,40.83956494984774,StackingRegressor
37.0,40.24145470088172,StackingRegressor
49.0,45.06779875464392,StackingRegressor
40.0,38.075973842711264,StackingRegressor
32.0,36.105939896158446,StackingRegressor
37.0,39.32164943345303,StackingRegressor
39.0,37.416115069895206,StackingRegressor
45.0,44.37499787728538,StackingRegressor
47.0,38.22694422426518,StackingRegressor
46.0,40.91890392008316,StackingRegressor
38.0,39.47686235749533,StackingRegressor
44.0,41.182281533095576,StackingRegressor
44.0,43.01207720568699,StackingRegressor
36.0,40.371443415276644,StackingRegressor
43.0,45.85545559932717,StackingRegressor
54.0,44.08489509864566,StackingRegressor
35.0,35.2545673005951,StackingRegressor
39.0,41.351418325448954,StackingRegressor
37.0,47.35523189636917,StackingRegressor
43.0,38.539502869156074,StackingRegressor
44.0,41.69522537403026,StackingRegressor
39.0,43.85023198602027,StackingRegressor
36.0,38.326512762834724,StackingRegressor
48.0,44.08204302739969,StackingRegressor
44.0,41.35253911572735,StackingRegressor
42.0,44.20000469640374,StackingRegressor
50.0,45.2210140963734,StackingRegressor
45.0,42.345376828650544,StackingRegressor
45.0,45.755859027566345,StackingRegressor
36.0,39.27221429962269,StackingRegressor
43.0,40.14416854078072,StackingRegressor
38.0,40.00765843516755,StackingRegressor
30.0,37.77913170760074,StackingRegressor
42.0,42.562542825195564,StackingRegressor
36.0,39.62838080918061,StackingRegressor
37.0,39.83056251665515,StackingRegressor
39.0,37.43321399205317,StackingRegressor
43.0,41.93281848975026,StackingRegressor
42.0,45.271243223299244,StackingRegressor
39.0,39.39207266110176,StackingRegressor
40.0,42.07978374915901,StackingRegressor
48.0,38.082305866053,StackingRegressor
52.0,40.58381570510376,StackingRegressor
37.0,36.78772994414648,StackingRegressor
39.0,41.843883545388685,StackingRegressor
41.0,43.36821833608877,StackingRegressor
43.0,43.36771273910193,StackingRegressor
46.0,46.693827231622144,StackingRegressor
34.0,36.60833563622336,StackingRegressor
39.0,38.538554119904845,StackingRegressor
43.0,38.718920973709274,StackingRegressor
39.0,44.105024256763656,StackingRegressor
38.0,41.49518814684255,StackingRegressor
37.0,40.61226300390488,StackingRegressor
42.0,43.857169820377855,StackingRegressor
36.0,41.02617480787551,StackingRegressor
36.0,39.325819739081346,StackingRegressor
40.0,40.26799808029299,StackingRegressor
40.0,41.78732728413488,StackingRegressor
46.0,37.707610919139604,StackingRegressor
40.0,40.5879145701791,StackingRegressor
38.0,41.86901675987356,StackingRegressor
47.0,38.3972127318267,StackingRegressor
42.0,40.93002134602822,StackingRegressor
38.0,40.317950272604264,StackingRegressor
37.0,36.68117031056832,StackingRegressor
45.0,40.68717028846113,StackingRegressor
39.0,39.293122766856044,StackingRegressor
38.0,41.66396788959449,StackingRegressor
41.0,41.30795680061282,StackingRegressor
41.0,45.708850322206686,StackingRegressor
39.0,40.551259493538964,StackingRegressor
33.0,36.45766037689771,StackingRegressor
34.0,37.41454350544308,StackingRegressor
42.0,43.86854840692041,StackingRegressor
39.0,41.914519863326284,StackingRegressor
49.0,44.85660786468604,StackingRegressor
34.0,40.15100773887033,StackingRegressor
39.0,48.273415131202384,StackingRegressor
48.0,42.876203189521036,StackingRegressor
34.0,39.804607115170825,StackingRegressor
41.0,40.725340315523155,StackingRegressor
36.0,36.53531641042211,StackingRegressor
40.0,41.727184615328746,StackingRegressor
37.0,39.88691603167687,StackingRegressor
42.0,45.5882472111365,StackingRegressor
50.0,47.18835129336584,StackingRegressor
32.0,36.643417543215946,StackingRegressor
42.0,41.72617525886277,StackingRegressor
42.0,43.438842124691206,StackingRegressor
38.0,39.971670743154164,StackingRegressor
47.0,42.028884332969135,StackingRegressor
41.0,43.58113967374071,StackingRegressor
38.0,37.96830935223164,StackingRegressor
31.0,35.67381644752879,StackingRegressor
52.0,45.50951774979655,StackingRegressor
35.0,38.09438867463258,StackingRegressor
38.0,40.478465096774514,StackingRegressor
47.0,41.22805470661237,StackingRegressor
41.0,40.642509031195104,StackingRegressor
37.0,36.49820007862907,StackingRegressor
37.0,39.38553728296481,StackingRegressor
57.0,39.8036530753887,StackingRegressor
45.0,40.19068259059037,StackingRegressor
34.0,37.048633632149645,StackingRegressor
35.0,38.53726951713048,StackingRegressor
43.0,44.94578743020163,StackingRegressor
34.0,38.630774013306954,StackingRegressor
40.0,41.14099971757839,StackingRegressor
42.0,40.0519598738805,StackingRegressor
38.0,40.57838436515674,StackingRegressor
39.0,38.29819010521849,StackingRegressor
49.0,44.08599169912104,StackingRegressor
48.0,45.14921952679356,StackingRegressor
45.0,38.37524441569968,StackingRegressor
41.0,42.55601935879959,StackingRegressor
37.0,40.69540424942024,StackingRegressor
42.0,45.21660791467157,StackingRegressor
37.0,41.26852463215469,StackingRegressor
42.0,43.06749811665739,StackingRegressor
45.0,47.31808847807965,StackingRegressor
45.0,42.740690695640176,StackingRegressor
39.0,44.91142417815129,StackingRegressor
54.0,41.30011178193306,StackingRegressor
36.0,38.589581611441126,StackingRegressor
49.0,44.11449755710704,StackingRegressor
35.0,37.690436983492916,StackingRegressor
38.0,39.470590624444654,StackingRegressor
36.0,39.350935054251515,StackingRegressor
38.0,41.38612557563286,StackingRegressor
41.0,41.526526963418846,StackingRegressor
39.0,41.92538535567415,StackingRegressor
43.0,43.188127381237514,StackingRegressor
44.0,37.78912986050247,StackingRegressor
47.0,39.15519554809167,StackingRegressor
40.0,43.35294407371421,StackingRegressor
42.0,37.586951851812444,StackingRegressor
41.0,41.96825323664952,StackingRegressor
34.0,36.29952829014893,StackingRegressor
48.0,44.56671697167734,StackingRegressor
51.0,48.491179659242945,StackingRegressor
43.0,41.10774186517118,StackingRegressor
38.0,38.13279028348046,StackingRegressor
43.0,43.13475831160311,StackingRegressor
46.0,47.39320683759041,StackingRegressor
45.0,42.436928743992084,StackingRegressor
42.0,42.58036052887711,StackingRegressor
48.0,50.80922600434905,StackingRegressor
41.0,39.45010165269434,StackingRegressor
45.0,48.58531562589005,StackingRegressor
40.0,45.81228401441676,StackingRegressor
39.0,42.51211918366589,StackingRegressor
45.0,47.0778010191762,StackingRegressor
37.0,38.4693106758759,StackingRegressor
42.0,43.22278127944959,StackingRegressor
47.0,43.20817888282467,StackingRegressor
38.0,40.030533294298564,StackingRegressor
48.0,41.097207215005184,StackingRegressor
39.0,39.900348398410216,StackingRegressor
39.0,42.11485957176306,StackingRegressor
37.0,41.15509995696853,StackingRegressor
39.0,38.83134169705703,StackingRegressor
37.0,38.49655726652572,StackingRegressor
42.0,43.9650723714395,StackingRegressor
37.0,38.161135828691215,StackingRegressor
41.0,41.40429606527536,StackingRegressor
43.0,38.32054011927988,StackingRegressor
43.0,43.11709384841439,StackingRegressor
39.0,40.2344271764472,StackingRegressor
43.0,42.68310942301529,StackingRegressor
37.0,40.806805410304314,StackingRegressor
40.0,37.27458365176744,StackingRegressor
43.0,44.265184144812984,StackingRegressor
35.0,42.774408534082596,StackingRegressor
52.0,46.39379631765342,StackingRegressor
38.0,36.67399284310657,StackingRegressor
45.0,43.318277377440104,StackingRegressor
35.0,39.470046636799204,StackingRegressor
43.0,43.333697037592536,StackingRegressor
37.0,38.013060166300946,StackingRegressor
38.0,39.89174200669998,StackingRegressor
42.0,40.56719870216728,StackingRegressor
38.0,44.738198370095816,StackingRegressor
46.0,43.89372296621458,StackingRegressor
33.0,35.69950526523935,StackingRegressor
39.0,43.91049140764289,StackingRegressor
53.0,47.330902606902725,StackingRegressor
37.0,40.90391349665858,StackingRegressor
40.0,42.46801149244648,StackingRegressor
41.0,42.24299770208092,StackingRegressor
43.0,41.71103676670997,StackingRegressor
41.0,44.632927008282074,StackingRegressor
44.0,41.93045891328181,StackingRegressor
43.0,42.52765804106395,StackingRegressor
47.0,46.985218040168306,StackingRegressor
39.0,42.20615618004327,StackingRegressor
36.0,39.53005818379329,StackingRegressor
37.0,39.93959068956636,StackingRegressor
37.0,39.53979743853721,StackingRegressor
38.0,39.1525795826994,StackingRegressor
36.0,36.44008780323293,StackingRegressor
36.0,39.74252480416577,StackingRegressor
45.0,39.007950347746565,StackingRegressor
39.0,40.26135165544131,StackingRegressor
44.0,45.40257670252255,StackingRegressor
41.0,41.39262400908137,StackingRegressor
42.0,45.12030632231587,StackingRegressor
45.0,44.49477904048769,StackingRegressor
44.0,43.963509901501176,StackingRegressor
38.0,39.57266919475835,StackingRegressor
36.0,40.52733020373305,StackingRegressor
42.0,39.56752189537388,StackingRegressor
33.0,40.00622181280614,StackingRegressor
33.0,36.78862102288153,StackingRegressor
49.0,42.29348287444388,StackingRegressor
60.0,53.038483421965836,StackingRegressor
35.0,38.64138423260652,StackingRegressor
39.0,38.31860916208754,StackingRegressor
46.0,44.82806602938357,StackingRegressor
52.0,40.37824074103525,StackingRegressor
43.0,45.392338325463065,StackingRegressor
42.0,38.71066616556894,StackingRegressor
